COMBINED STATISTICAL AREAS AND COMPONENT CORE BASED STATISTICAL AREAS, November 2007, WITH CODES

(Combined statistical areas defined by the Office of Management and Budget, November 2007)

Source:                 U.S. Census Bureau, Population Division
Internet Release Date:  June 24, 2008
Last Revised:           

CSA    CBSA
Code   Code  Combined Statistical Area and Component CBSA Names

102         Albany-Corvallis-Lebanon, OR Combined Statistical Area
102  10540     Albany-Lebanon, OR Micropolitan Statistical Area
102  18700     Corvallis, OR Metropolitan Statistical Area

104         Albany-Schenectady-Amsterdam, NY Combined Statistical Area
104  10580     Albany-Schenectady-Troy, NY Metropolitan Statistical Area
104  11220     Amsterdam, NY Micropolitan Statistical Area
104  24020     Glens Falls, NY Metropolitan Statistical Area
104  24100     Gloversville, NY Micropolitan Statistical Area
104  26460     Hudson, NY Micropolitan Statistical Area

112         Ames-Boone, IA Combined Statistical Area
112  11180     Ames, IA Metropolitan Statistical Area
112  14340     Boone, IA Micropolitan Statistical Area

118         Appleton-Oshkosh-Neenah, WI Combined Statistical Area
118  11540     Appleton, WI Metropolitan Statistical Area
118  36780     Oshkosh-Neenah, WI Metropolitan Statistical Area

120         Asheville-Brevard, NC Combined Statistical Area
120  11700     Asheville, NC Metropolitan Statistical Area
120  14820     Brevard, NC Micropolitan Statistical Area

122         Atlanta-Sandy Springs-Gainesville, GA-AL Combined Statistical Area
122  12060     Atlanta-Sandy Springs-Marietta, GA Metropolitan Statistical Area
122  16340     Cedartown, GA Micropolitan Statistical Area
122  23580     Gainesville, GA Metropolitan Statistical Area
122  29300     LaGrange, GA Micropolitan Statistical Area
122  45580     Thomaston, GA Micropolitan Statistical Area
122  46740     Valley, AL Micropolitan Statistical Area

132         Baton Rouge-Pierre Part, LA Combined Statistical Area
132  12940     Baton Rouge, LA Metropolitan Statistical Area
132  38200     Pierre Part, LA Micropolitan Statistical Area

138         Beckley-Oak Hill, WV Combined Statistical Area
138  13220     Beckley, WV Micropolitan Statistical Area
138  36060     Oak Hill, WV Micropolitan Statistical Area

140         Bend-Prineville, OR Combined Statistical Area
140  13460     Bend, OR Metropolitan Statistical Area
140  39260     Prineville, OR Micropolitan Statistical Area

142         Birmingham-Hoover-Cullman, AL Combined Statistical Area
142  13820     Birmingham-Hoover, AL Metropolitan Statistical Area
142  18980     Cullman, AL Micropolitan Statistical Area

148         Boston-Worcester-Manchester, MA-RI-NH Combined Statistical Area
148  14460     Boston-Cambridge-Quincy, MA-NH Metropolitan Statistical Area
148  18180     Concord, NH Micropolitan Statistical Area
148  29060     Laconia, NH Micropolitan Statistical Area
148  31700     Manchester-Nashua, NH Metropolitan Statistical Area
148  39300     Providence-New Bedford-Fall River, MA-RI Metropolitan Statistical Area
148  49340     Worcester, MA Metropolitan Statistical Area

154         Brownsville-Harlingen-Raymondville, TX Combined Statistical Area
154  15180     Brownsville-Harlingen, TX Metropolitan Statistical Area
154  39700     Raymondville, TX Micropolitan Statistical Area

160         Buffalo-Niagara-Cattaraugus, NY Combined Statistical Area
160  15380     Buffalo-Niagara Falls, NY Metropolitan Statistical Area
160  36460     Olean, NY Micropolitan Statistical Area

164         Cape Girardeau-Sikeston-Jackson, MO-IL Combined Statistical Area
164  16020     Cape Girardeau-Jackson, MO-IL Micropolitan Statistical Area
164  43460     Sikeston, MO Micropolitan Statistical Area

172         Charlotte-Gastonia-Salisbury, NC-SC Combined Statistical Area
172  10620     Albemarle, NC Micropolitan Statistical Area
172  16740     Charlotte-Gastonia-Concord, NC-SC Metropolitan Statistical Area
172  16900     Chester, SC Micropolitan Statistical Area
172  29580     Lancaster, SC Micropolitan Statistical Area
172  30740     Lincolnton, NC Micropolitan Statistical Area
172  41580     Salisbury, NC Micropolitan Statistical Area
172  43140     Shelby, NC Micropolitan Statistical Area
172  44380     Statesville-Mooresville, NC Micropolitan Statistical Area

174         Chattanooga-Cleveland-Athens, TN-GA Combined Statistical Area
174  11940     Athens, TN Micropolitan Statistical Area
174  16860     Chattanooga, TN-GA Metropolitan Statistical Area
174  17420     Cleveland, TN Metropolitan Statistical Area

176         Chicago-Naperville-Michigan City, IL-IN-WI Combined Statistical Area
176  16980     Chicago-Naperville-Joliet, IL-IN-WI Metropolitan Statistical Area
176  28100     Kankakee-Bradley, IL Metropolitan Statistical Area
176  33140     Michigan City-La Porte, IN Metropolitan Statistical Area

178         Cincinnati-Middletown-Wilmington, OH-KY-IN Combined Statistical Area
178  17140     Cincinnati-Middletown, OH-KY-IN Metropolitan Statistical Area
178  48940     Wilmington, OH Micropolitan Statistical Area

180         Claremont-Lebanon, NH-VT Combined Statistical Area
180  17200     Claremont, NH Micropolitan Statistical Area
180  30100     Lebanon, NH-VT Micropolitan Statistical Area

184         Cleveland-Akron-Elyria, OH Combined Statistical Area
184  10420     Akron, OH Metropolitan Statistical Area
184  11780     Ashtabula, OH Micropolitan Statistical Area
184  17460     Cleveland-Elyria-Mentor, OH Metropolitan Statistical Area

188         Clovis-Portales, NM Combined Statistical Area
188  17580     Clovis, NM Micropolitan Statistical Area
188  38780     Portales, NM Micropolitan Statistical Area

192         Columbia-Newberry, SC Combined Statistical Area
192  17900     Columbia, SC Metropolitan Statistical Area
192  35140     Newberry, SC Micropolitan Statistical Area

194         Columbus-Auburn-Opelika, GA-AL Combined Statistical Area
194  12220     Auburn-Opelika, AL Metropolitan Statistical Area
194  17980     Columbus, GA-AL Metropolitan Statistical Area
194  46260     Tuskegee, AL Micropolitan Statistical Area

198         Columbus-Marion-Chillicothe, OH Combined Statistical Area
198  17060     Chillicothe, OH Micropolitan Statistical Area
198  18140     Columbus, OH Metropolitan Statistical Area
198  32020     Marion, OH Micropolitan Statistical Area
198  34540     Mount Vernon, OH Micropolitan Statistical Area
198  47920     Washington Court House, OH Micropolitan Statistical Area

200         Columbus-West Point, MS Combined Statistical Area
200  18060     Columbus, MS Micropolitan Statistical Area
200  48500     West Point, MS Micropolitan Statistical Area

202         Corbin-London, KY Combined Statistical Area
202  18340     Corbin, KY Micropolitan Statistical Area
202  30940     London, KY Micropolitan Statistical Area

204         Corpus Christi-Kingsville, TX Combined Statistical Area
204  18580     Corpus Christi, TX Metropolitan Statistical Area
204  28780     Kingsville, TX Micropolitan Statistical Area

206         Dallas-Fort Worth, TX Combined Statistical Area
206  11980     Athens, TX Micropolitan Statistical Area
206  14300     Bonham, TX Micropolitan Statistical Area
206  19100     Dallas-Fort Worth-Arlington, TX Metropolitan Statistical Area
206  23620     Gainesville, TX Micropolitan Statistical Area
206  24180     Granbury, TX Micropolitan Statistical Area
206  33420     Mineral Wells, TX Micropolitan Statistical Area
206  43300     Sherman-Denison, TX Metropolitan Statistical Area

212         Dayton-Springfield-Greenville, OH Combined Statistical Area
212  19380     Dayton, OH Metropolitan Statistical Area
212  24820     Greenville, OH Micropolitan Statistical Area
212  44220     Springfield, OH Metropolitan Statistical Area
212  46500     Urbana, OH Micropolitan Statistical Area

216         Denver-Aurora-Boulder, CO Combined Statistical Area
216  14500     Boulder, CO Metropolitan Statistical Area
216  19740     Denver-Aurora, CO Metropolitan Statistical Area
216  24540     Greeley, CO Metropolitan Statistical Area

218         Des Moines-Newton-Pella, IA Combined Statistical Area
218  19780     Des Moines-West Des Moines, IA Metropolitan Statistical Area
218  35500     Newton, IA Micropolitan Statistical Area
218  37800     Pella, IA Micropolitan Statistical Area

220         Detroit-Warren-Flint, MI Combined Statistical Area
220  11460     Ann Arbor, MI Metropolitan Statistical Area
220  19820     Detroit-Warren-Livonia, MI Metropolitan Statistical Area
220  22420     Flint, MI Metropolitan Statistical Area
220  33780     Monroe, MI Metropolitan Statistical Area

222         Dothan-Enterprise-Ozark, AL Combined Statistical Area
222  20020     Dothan, AL Metropolitan Statistical Area
222  21460     Enterprise-Ozark, AL Micropolitan Statistical Area

232         Eau Claire-Menomonie, WI Combined Statistical Area
232  20740     Eau Claire, WI Metropolitan Statistical Area
232  32860     Menomonie, WI Micropolitan Statistical Area

242         Fairmont-Clarksburg, WV Combined Statistical Area
242  17220     Clarksburg, WV Micropolitan Statistical Area
242  21900     Fairmont, WV Micropolitan Statistical Area

244         Fargo-Wahpeton, ND-MN Combined Statistical Area
244  22020     Fargo, ND-MN Metropolitan Statistical Area
244  47420     Wahpeton, ND-MN Micropolitan Statistical Area

248         Findlay-Tiffin, OH Combined Statistical Area
248  22300     Findlay, OH Micropolitan Statistical Area
248  45660     Tiffin, OH Micropolitan Statistical Area

252         Fond du Lac-Beaver Dam, WI Combined Statistical Area
252  13180     Beaver Dam, WI Micropolitan Statistical Area
252  22540     Fond du Lac, WI Metropolitan Statistical Area

256         Fort Polk South-De Ridder, LA Combined Statistical Area
256  19760     De Ridder, LA Micropolitan Statistical Area
256  22860     Fort Polk South, LA Micropolitan Statistical Area

258         Fort Wayne-Huntington-Auburn, IN Combined Statistical Area
258  12140     Auburn, IN Micropolitan Statistical Area
258  19540     Decatur, IN Micropolitan Statistical Area
258  23060     Fort Wayne, IN Metropolitan Statistical Area
258  26540     Huntington, IN Micropolitan Statistical Area
258  28340     Kendallville, IN Micropolitan Statistical Area

260         Fresno-Madera, CA Combined Statistical Area
260  23420     Fresno, CA Metropolitan Statistical Area
260  31460     Madera, CA Metropolitan Statistical Area

266         Grand Rapids-Muskegon-Holland, MI Combined Statistical Area
266  10880     Allegan, MI Micropolitan Statistical Area
266  24340     Grand Rapids-Wyoming, MI Metropolitan Statistical Area
266  26100     Holland-Grand Haven, MI Metropolitan Statistical Area
266  34740     Muskegon-Norton Shores, MI Metropolitan Statistical Area

268         Greensboro--Winston-Salem--High Point, NC Combined Statistical Area
268  15500     Burlington, NC Metropolitan Statistical Area
268  24660     Greensboro-High Point, NC Metropolitan Statistical Area
268  34340     Mount Airy, NC Micropolitan Statistical Area
268  45640     Thomasville-Lexington, NC Micropolitan Statistical Area
268  49180     Winston-Salem, NC Metropolitan Statistical Area

273         Greenville-Spartanburg-Anderson, SC Combined Statistical Area         
273  11340     Anderson, SC Metropolitan Statistical Area
273  23500     Gaffney, SC Micropolitan Statistical Area
273  24860     Greenville, SC Metropolitan Statistical Area
273  42860     Seneca, SC Micropolitan Statistical Area
273  43900     Spartanburg, SC Metropolitan Statistical Area
273  46420     Union, SC Micropolitan Statistical Area

274         Gulfport-Biloxi-Pascagoula, MS Combined Statistical Area
274  25060     Gulfport-Biloxi, MS Metropolitan Statistical Area
274  37700     Pascagoula, MS Metropolitan Statistical Area

276         Harrisburg-Carlisle-Lebanon, PA Combined Statistical Area
276  25420     Harrisburg-Carlisle, PA Metropolitan Statistical Area
276  30140     Lebanon, PA Metropolitan Statistical Area

278         Hartford-West Hartford-Willimantic, CT Combined Statistical Area
278  25540     Hartford-West Hartford-East Hartford, CT Metropolitan Statistical Area
278  48740     Willimantic, CT Micropolitan Statistical Area

288         Houston-Baytown-Huntsville, TX Combined Statistical Area
288  13060     Bay City, TX Micropolitan Statistical Area
288  26420     Houston-Sugar Land-Baytown, TX Metropolitan Statistical Area
288  26660     Huntsville, TX Micropolitan Statistical Area

290         Huntsville-Decatur, AL Combined Statistical Area
290  19460     Decatur, AL Metropolitan Statistical Area
290  26620     Huntsville, AL Metropolitan Statistical Area

292         Idaho Falls-Blackfoot, ID Combined Statistical Area
292  13940     Blackfoot, ID Micropolitan Statistical Area
292  26820     Idaho Falls, ID Metropolitan Statistical Area

294         Indianapolis-Anderson-Columbus, IN Combined Statistical Area
294  11300     Anderson, IN Metropolitan Statistical Area
294  18020     Columbus, IN Metropolitan Statistical Area
294  18820     Crawfordsville, IN Micropolitan Statistical Area
294  26900     Indianapolis-Carmel, IN Metropolitan Statistical Area
294  35220     New Castle, IN Micropolitan Statistical Area
294  35860     North Vernon, IN Micropolitan Statistical Area

296         Ithaca-Cortland, NY Combined Statistical Area
296  18660     Cortland, NY Micropolitan Statistical Area
296  27060     Ithaca, NY Metropolitan Statistical Area

297         Jackson-Humboldt, TN Combined Statistical Area
297  26480     Humboldt, TN Micropolitan Statistical Area
297  27180     Jackson, TN Metropolitan Statistical Area

298         Jackson-Yazoo City, MS Combined Statistical Area
298  27140     Jackson, MS Metropolitan Statistical Area
298  49540     Yazoo City, MS Micropolitan Statistical Area

304         Johnson City-Kingsport-Bristol (Tri-Cities), TN-VA Combined Statistical Area
304  27740     Johnson City, TN Metropolitan Statistical Area
304  28700     Kingsport-Bristol-Bristol, TN-VA Metropolitan Statistical Area

308         Jonesboro-Paragould, AR Combined Statistical Area
308  27860     Jonesboro, AR Metropolitan Statistical Area
308  37500     Paragould, AR Micropolitan Statistical Area

312         Kansas City-Overland Park-Kansas City, MO-KS Combined Statistical Area
312  11860     Atchison, KS Micropolitan Statistical Area
312  28140     Kansas City, MO-KS Metropolitan Statistical Area
312  47660     Warrensburg, MO Micropolitan Statistical Area

314         Knoxville-Sevierville-La Follette, TN Combined Statistical Area
314  25340     Harriman, TN Micropolitan Statistical Area
314  28940     Knoxville, TN Metropolitan Statistical Area
314  29220     La Follette, TN Micropolitan Statistical Area
314  34100     Morristown, TN Metropolitan Statistical Area
314  35460     Newport, TN Micropolitan Statistical Area 
314  42940     Sevierville, TN Micropolitan Statistical Area

316         Kokomo-Peru, IN Combined Statistical Area
316  29020     Kokomo, IN Metropolitan Statistical Area
316  37940     Peru, IN Micropolitan Statistical Area

318         Lafayette-Acadiana, LA Combined Statistical Area
318  10020     Abbeville, LA Micropolitan Statistical Area
318  18940     Crowley, LA Micropolitan Statistical Area
318  29180     Lafayette, LA Metropolitan Statistical Area
318  35340     New Iberia, LA Micropolitan Statistical Area
318  36660     Opelousas-Eunice, LA Micropolitan Statistical Area

320         Lafayette-Frankfort, IN Combined Statistical Area
320  23140     Frankfort, IN Micropolitan Statistical Area
320  29140     Lafayette, IN Metropolitan Statistical Area

324         Lake Charles-Jennings, LA Combined Statistical Area
324  27660     Jennings, LA Micropolitan Statistical Area
324  29340     Lake Charles, LA Metropolitan Statistical Area

330         Lansing-East Lansing-Owosso, MI Combined Statistical Area
330  29620     Lansing-East Lansing, MI Metropolitan Statistical Area
330  37020     Owosso, MI Micropolitan Statistical Area

332         Las Vegas-Paradise-Pahrump, NV Combined Statistical Area
332  29820     Las Vegas-Paradise, NV Metropolitan Statistical Area
332  37220     Pahrump, NV Micropolitan Statistical Area

336         Lexington-Fayette--Frankfort--Richmond, KY Combined Statistical Area
336  23180     Frankfort, KY Micropolitan Statistical Area
336  30460     Lexington-Fayette, KY Metropolitan Statistical Area
336  34460     Mount Sterling, KY Micropolitan Statistical Area
336  40080     Richmond-Berea, KY Micropolitan Statistical Area

338         Lima-Van Wert-Wapakoneta, OH Combined Statistical Area
338  30620     Lima, OH Metropolitan Statistical Area
338  46780     Van Wert, OH Micropolitan Statistical Area
338  47540     Wapakoneta, OH Micropolitan Statistical Area

340         Little Rock-North Little Rock-Pine Bluff, AR Combined Statistical Area
340  30780     Little Rock-North Little Rock, AR Metropolitan Statistical Area
340  38220     Pine Bluff, AR Metropolitan Statistical Area
340  42620     Searcy, AR Micropolitan Statistical Area

346         Longview-Marshall, TX Combined Statistical Area
346  30980     Longview, TX Metropolitan Statistical Area
346  32220     Marshall, TX Micropolitan Statistical Area

348         Los Angeles-Long Beach-Riverside, CA Combined Statistical Area
348  31100     Los Angeles-Long Beach-Santa Ana, CA Metropolitan Statistical Area
348  37100     Oxnard-Thousand Oaks-Ventura, CA Metropolitan Statistical Area
348  40140     Riverside-San Bernardino-Ontario, CA Metropolitan Statistical Area

350         Louisville/Jefferson County--Elizabethtown--Scottsburg, KY-IN Combined Statistical Area
350  21060     Elizabethtown, KY Metropolitan Statistical Area
350  31140     Louisville/Jefferson County, KY-IN Metropolitan Statistical Area
350  42500     Scottsburg, IN Micropolitan Statistical Area

352         Lubbock-Levelland, TX Combined Statistical Area
352  30220     Levelland, TX Micropolitan Statistical Area
352  31180     Lubbock, TX Metropolitan Statistical Area

354         Lumberton-Laurinburg, NC Combined Statistical Area
354  29900     Laurinburg, NC Micropolitan Statistical Area
354  31300     Lumberton, NC Micropolitan Statistical Area

356         Macon-Warner Robins-Fort Valley, GA Combined Statistical Area
356  22980     Fort Valley, GA Micropolitan Statistical Area
356  31420     Macon, GA Metropolitan Statistical Area
356  47580     Warner Robins, GA Metropolitan Statistical Area

358         Madison-Baraboo, WI Combined Statistical Area
358  12660     Baraboo, WI Micropolitan Statistical Area
358  31540     Madison, WI Metropolitan Statistical Area

360         Mansfield-Bucyrus, OH Combined Statistical Area
360  15340     Bucyrus, OH Micropolitan Statistical Area
360  31900     Mansfield, OH Metropolitan Statistical Area

364         Mayagüez-San Germán-Cabo Rojo, PR Combined Statistical Area
364  32420     Mayagüez, PR Metropolitan Statistical Area
364  41900     San Germán-Cabo Rojo, PR Metropolitan Statistical Area

372         Midland-Odessa, TX Combined Statistical Area
372  33260     Midland, TX Metropolitan Statistical Area
372  36220     Odessa, TX Metropolitan Statistical Area

376         Milwaukee-Racine-Waukesha, WI Combined Statistical Area
376  33340     Milwaukee-Waukesha-West Allis, WI Metropolitan Statistical Area
376  39540     Racine, WI Metropolitan Statistical Area

378         Minneapolis-St. Paul-St. Cloud, MN-WI Combined Statistical Area
378  22060     Faribault-Northfield, MN Micropolitan Statistical Area
378  26780     Hutchinson, MN Micropolitan Statistical Area
378  33460     Minneapolis-St. Paul-Bloomington, MN-WI Metropolitan Statistical Area
378  39860     Red Wing, MN Micropolitan Statistical Area
378  41060     St. Cloud, MN Metropolitan Statistical Area

380         Mobile-Daphne-Fairhope, AL Combined Statistical Area
380  19300     Daphne-Fairhope, AL Micropolitan Statistical Area
380  33660     Mobile, AL Metropolitan Statistical Area

384         Monroe-Bastrop, LA Combined Statistical Area
384  12820     Bastrop, LA Micropolitan Statistical Area
384  33740     Monroe, LA Metropolitan Statistical Area

388         Montgomery-Alexander City, AL Combined Statistical Area
388  10760     Alexander City, AL Micropolitan Statistical Area
388  33860     Montgomery, AL Metropolitan Statistical Area

396         Myrtle Beach-Conway-Georgetown, SC Combined Statistical Area
396  23860     Georgetown, SC Micropolitan Statistical Area
396  34820     Myrtle Beach-North Myrtle Beach-Conway, SC Metropolitan Statistical Area

400         Nashville-Davidson--Murfreesboro--Columbia, TN Combined Statistical Area
400  17940     Columbia, TN Micropolitan Statistical Area
400  34980     Nashville-Davidson--Murfreesboro, TN Metropolitan Statistical Area

406         New Orleans-Metairie-Bogalusa, LA Combined Statistical Area
406  14220     Bogalusa, LA Micropolitan Statistical Area
406  35380     New Orleans-Metairie-Kenner, LA Metropolitan Statistical Area

408         New York-Newark-Bridgeport, NY-NJ-CT-PA Combined Statistical Area
408  14860     Bridgeport-Stamford-Norwalk, CT Metropolitan Statistical Area
408  28740     Kingston, NY Metropolitan Statistical Area
408  35300     New Haven-Milford, CT Metropolitan Statistical Area
408  35620     New York-Northern New Jersey-Long Island, NY-NJ-PA Metropolitan Statistical Area
408  39100     Poughkeepsie-Newburgh-Middletown, NY Metropolitan Statistical Area
408  45860     Torrington, CT Micropolitan Statistical Area
408  45940     Trenton-Ewing, NJ Metropolitan Statistical Area

416         Oklahoma City-Shawnee, OK Combined Statistical Area
416  36420     Oklahoma City, OK Metropolitan Statistical Area
416  43060     Shawnee, OK Micropolitan Statistical Area

420         Omaha-Council Bluffs-Fremont, NE-IA Combined Statistical Area
420  23340     Fremont, NE Micropolitan Statistical Area
420  36540     Omaha-Council Bluffs, NE-IA Metropolitan Statistical Area

422         Orlando-Deltona-Daytona Beach, FL Combined Statistical Area
422  19660     Deltona-Daytona Beach-Ormond Beach, FL Metropolitan Statistical Area
422  36740     Orlando-Kissimmee, FL Metropolitan Statistical Area
422  37380     Palm Coast, FL Metropolitan Statistical Area
422  45540     The Villages, FL Micropolitan Statistical Area

424         Paducah-Mayfield, KY-IL Combined Statistical Area
424  32460     Mayfield, KY Micropolitan Statistical Area
424  37140     Paducah, KY-IL Micropolitan Statistical Area

426         Peoria-Canton, IL Combined Statistical Area
426  15900     Canton, IL Micropolitan Statistical Area
426  37900     Peoria, IL Metropolitan Statistical Area

428         Philadelphia-Camden-Vineland, PA-NJ-DE-MD Combined Statistical Area
428  37980     Philadelphia-Camden-Wilmington, PA-NJ-DE-MD Metropolitan Statistical Area
428  39740     Reading, PA Metropolitan Statistical Area 
428  47220     Vineland-Millville-Bridgeton, NJ Metropolitan Statistical Area

430         Pittsburgh-New Castle, PA Combined Statistical Area
430  35260     New Castle, PA Micropolitan Statistical Area
430  38300     Pittsburgh, PA Metropolitan Statistical Area

434         Ponce-Yauco-Coamo, PR Combined Statistical Area
434  17620     Coamo, PR Micropolitan Statistical Area
434  38660     Ponce, PR Metropolitan Statistical Area
434  42180     Santa Isabel, PR Micropolitan Statistical Area
434  49500     Yauco, PR Metropolitan Statistical Area

438         Portland-Lewiston-South Portland, ME Combined Statistical Area
438  30340     Lewiston-Auburn, ME Metropolitan Statistical Area
438  38860     Portland-South Portland-Biddeford, ME Metropolitan Statistical Area

442         Port St. Lucie-Sebastian-Vero Beach, FL Combined Statistical Area
442  38940     Port St. Lucie, FL Metropolitan Statistical Area
442  42680     Sebastian-Vero Beach, FL Metropolitan Statistical Area

450         Raleigh-Durham-Cary, NC Combined Statistical Area
450  20380     Dunn, NC Micropolitan Statistical Area
450  20500     Durham, NC Metropolitan Statistical Area
450  39580     Raleigh-Cary, NC Metropolitan Statistical Area

456         Reno-Sparks-Fernley, NV Combined Statistical Area
456  22280     Fernley, NV Micropolitan Statistical Area
456  39900     Reno-Sparks, NV Metropolitan Statistical Area

464         Rochester-Batavia-Seneca Falls, NY Combined Statistical Area
464  12860     Batavia, NY Micropolitan Statistical Area
464  40380     Rochester, NY Metropolitan Statistical Area
464  42900     Seneca Falls, NY Micropolitan Statistical Area

466         Rockford-Freeport-Rochelle, IL Combined Statistical Area
466  23300     Freeport, IL Micropolitan Statistical Area
466  40300     Rochelle, IL Micropolitan Statistical Area
466  40420     Rockford, IL Metropolitan Statistical Area

472         Sacramento--Arden-Arcade--Yuba City, CA-NV Combined Statistical Area
472  23820     Gardnerville Ranchos, NV Micropolitan Statistical Area
472  40900     Sacramento--Arden-Arcade--Roseville, CA Metropolitan Statistical Area
472  46020     Truckee-Grass Valley, CA Micropolitan Statistical Area
472  49700     Yuba City, CA Metropolitan Statistical Area

474         Saginaw-Bay City-Saginaw Township North, MI Combined Statistical Area
474  13020     Bay City, MI Metropolitan Statistical Area
474  40980     Saginaw-Saginaw Township North, MI Metropolitan Statistical Area

476         St. Louis-St. Charles-Farmington, MO-IL Combined Statistical Area
476  22100     Farmington, MO Micropolitan Statistical Area
476  41180     St. Louis, MO-IL Metropolitan Statistical Area

480         Salisbury-Ocean Pines, MD Combined Statistical Area
480  36180     Ocean Pines, MD Micropolitan Statistical Area
480  41540     Salisbury, MD Metropolitan Statistical Area

482         Salt Lake City-Ogden-Clearfield, UT Combined Statistical Area
482  14940     Brigham City, UT Micropolitan Statistical Area
482  25720     Heber, UT Micropolitan Statistical Area
482  36260     Ogden-Clearfield, UT Metropolitan Statistical Area
482  41620     Salt Lake City, UT Metropolitan Statistical Area

488         San Jose-San Francisco-Oakland, CA Combined Statistical Area
488  34900     Napa, CA Metropolitan Statistical Area
488  41860     San Francisco-Oakland-Fremont, CA Metropolitan Statistical Area
488  41940     San Jose-Sunnyvale-Santa Clara, CA Metropolitan Statistical Area
488  42100     Santa Cruz-Watsonville, CA Metropolitan Statistical Area
488  42220     Santa Rosa-Petaluma, CA Metropolitan Statistical Area
488  46700     Vallejo-Fairfield, CA Metropolitan Statistical Area

490         San Juan-Caguas-Fajardo, PR Combined Statistical Area
490  21940     Fajardo, PR Metropolitan Statistical Area
490  41980     San Juan-Caguas-Guaynabo, PR Metropolitan Statistical Area
490  46580     Utuado, PR Micropolitan Statistical Area

492         Santa Fe-Espanola, NM Combined Statistical Area
492  21580     Espanola, NM Micropolitan Statistical Area
492  42140     Santa Fe, NM Metropolitan Statistical Area

494         Sarasota-Bradenton-Punta Gorda, FL Combined Statistical Area
494  14600     Bradenton-Sarasota-Venice, FL Metropolitan Statistical Area
494  39460     Punta Gorda, FL Metropolitan Statistical Area

496         Savannah-Hinesville-Fort Stewart, GA Combined Statistical Area
496  25980     Hinesville-Fort Stewart, GA Metropolitan Statistical Area
496  42340     Savannah, GA Metropolitan Statistical Area

500         Seattle-Tacoma-Olympia, WA Combined Statistical Area
500  14740     Bremerton-Silverdale, WA Metropolitan Statistical Area
500  34580     Mount Vernon-Anacortes, WA Metropolitan Statistical Area
500  36020     Oak Harbor, WA Micropolitan Statistical Area
500  36500     Olympia, WA Metropolitan Statistical Area
500  42660     Seattle-Tacoma-Bellevue, WA Metropolitan Statistical Area
500  43220     Shelton, WA Micropolitan Statistical Area

508         Shreveport-Bossier City-Minden, LA Combined Statistical Area
508  33380     Minden, LA Micropolitan Statistical Area
508  43340     Shreveport-Bossier City, LA Metropolitan Statistical Area

512         Sioux City-Vermillion, IA-NE-SD Combined Statistical Area
512  43580     Sioux City, IA-NE-SD Metropolitan Statistical Area
512  46820     Vermillion, SD Micropolitan Statistical Area

515         South Bend-Elkhart-Mishawaka, IN-MI Combined Statistical Area
515  21140     Elkhart-Goshen, IN Metropolitan Statistical Area
515  38500     Plymouth, IN Micropolitan Statistical Area
515  43780     South Bend-Mishawaka, IN-MI Metropolitan Statistical Area

526         Sunbury-Lewisburg-Selinsgrove, PA Combined Statistical Area
526  30260     Lewisburg, PA Micropolitan Statistical Area
526  42780     Selinsgrove, PA Micropolitan Statistical Area
526  44980     Sunbury, PA Micropolitan Statistical Area

532         Syracuse-Auburn, NY Combined Statistical Area
532  12180     Auburn, NY Micropolitan Statistical Area
532  45060     Syracuse, NY Metropolitan Statistical Area

534         Toledo-Fremont, OH Combined Statistical Area
534  23380     Fremont, OH Micropolitan Statistical Area
534  45780     Toledo, OH Metropolitan Statistical Area

538         Tulsa-Bartlesville, OK Combined Statistical Area
538  12780     Bartlesville, OK Micropolitan Statistical Area
538  46140     Tulsa, OK Metropolitan Statistical Area

540         Tyler-Jacksonville, TX Combined Statistical Area
540  27380     Jacksonville, TX Micropolitan Statistical Area
540  46340     Tyler, TX Metropolitan Statistical Area

542         Union City-Martin, TN-KY Combined Statistical Area
542  32280     Martin, TN Micropolitan Statistical Area
542  46460     Union City, TN-KY Micropolitan Statistical Area

548         Washington-Baltimore-Northern Virginia, DC-MD-VA-WV Combined Statistical Area
548  12580     Baltimore-Towson, MD Metropolitan Statistical Area
548  19020     Culpeper, VA Micropolitan Statistical Area
548  30500     Lexington Park, MD Micropolitan Statistical Area
548  47900     Washington-Arlington-Alexandria, DC-VA-MD-WV Metropolitan Statistical Area
548  49020     Winchester, VA-WV Metropolitan Statistical Area

554         Wausau-Merrill, WI Combined Statistical Area
554  32980     Merrill, WI Micropolitan Statistical Area
554  48140     Wausau, WI Metropolitan Statistical Area

556         Wichita-Winfield, KS Combined Statistical Area
556  48620     Wichita, KS Metropolitan Statistical Area
556  49060     Winfield, KS Micropolitan Statistical Area

558         Williamsport-Lock Haven, PA Combined Statistical Area
558  30820     Lock Haven, PA Micropolitan Statistical Area
558  48700     Williamsport, PA Metropolitan Statistical Area

564         York-Hanover-Gettysburg, PA Combined Statistical Area
564  23900     Gettysburg, PA Micropolitan Statistical Area
564  49620     York-Hanover, PA Metropolitan Statistical Area

566         Youngstown-Warren-East Liverpool, OH-PA Combined Statistical Area
566  20620     East Liverpool-Salem, OH Micropolitan Statistical Area
566  49660     Youngstown-Warren-Boardman, OH-PA Metropolitan Statistical Area



