"City","State","Total","Units_1","Units_2","Units_3-4","Units_5-Inf"
"Abilene","TX",4086,4086,0,0,0
"Akron","OH",41794,40160,136,1038,460
"Albany","GA",7148,6529,382,237,0
"Albany-Schenectady-Troy","NY",50918,35755,173,780,14210
"Albuquerque","NM",87567,85987,0,335,1245
"Alexandria","LA",7123,7123,0,0,0
"Allentown-Bethlehem-Easton","PA-NJ",76253,75491,277,0,485
"Altoona","PA",201,201,0,0,0
"Amarillo","TX",15239,15239,0,0,0
"Ames","IA",7050,7050,0,0,0
"Anchorage","AK",37677,23679,7422,949,5627
"Anderson","IN",8579,8579,0,0,0
"Anderson","SC",25282,18102,180,0,7000
"Ann Arbor","MI",11904,11602,0,0,302
"Anniston-Oxford","AL",2073,2073,0,0,0
"Appleton","WI",18895,18735,160,0,0
"Asheville","NC",56040,50890,1211,1565,2374
"Athens-Clarke County","GA",18008,16317,0,1691,0
"Atlanta-Sandy Springs-Marietta","GA",796875,760091,4472,334,31978
"Atlantic City","NJ",22167,21796,362,9,0
"Auburn-Opelika","AL",12468,11507,961,0,0
"Augusta-Richmond County","GA-SC",42755,42755,0,0,0
"Austin-Round Rock","TX",230169,219344,5251,1377,4197
"Bakersfield","CA",91329,83839,1375,5106,1009
"Baltimore-Towson","MD",133620,124188,178,668,8586
"Bangor","ME",8192,6235,0,1957,0
"Barnstable Town","MA",28710,26115,0,0,2595
"Baton Rouge","LA",45351,43989,0,197,1165
"Battle Creek","MI",1577,1577,0,0,0
"Bay City","MI",700,700,0,0,0
"Beaumont-Port Arthur","TX",13742,6390,0,0,7352
"Bellingham","WA",34395,22469,0,336,11590
"Bend","OR",100469,85977,987,505,13000
"Billings","MT",7864,7864,0,0,0
"Binghamton","NY",2323,2323,0,0,0
"Birmingham-Hoover","AL",101154,100850,0,0,304
"Bismarck","ND",10573,9797,426,0,350
"Bloomington","IN",11042,7988,1619,237,1198
"Bloomington-Normal","IL",8023,8023,0,0,0
"Boise City-Nampa","ID",185651,183026,1776,849,0
"Boston-Cambridge-Quincy","MA-NH",263752,157375,9582,3541,93254
"Boulder","CO",25361,21117,0,1057,3187
"Bowling Green","KY",11844,11844,0,0,0
"Bremerton-Silverdale","WA",19090,19090,0,0,0
"Bridgeport-Stamford-Norwalk","CT",54711,47507,140,0,7064
"Brownsville-Harlingen","TX",21179,20603,374,202,0
"Brunswick","GA",18643,16101,176,0,2366
"Buffalo-Niagara Falls","NY",26908,26908,0,0,0
"Burlington","NC",13235,13235,0,0,0
"Burlington-South Burlington","VT",13289,11961,938,390,0
"Canton-Massillon","OH",18301,18062,0,0,239
"Cape Coral-Fort Myers","FL",407169,353535,1458,0,52176
"Carson City","NV",3147,2897,0,250,0
"Casper","WY",4602,4602,0,0,0
"Cedar Rapids","IA",11377,9923,561,893,0
"Champaign-Urbana","IL",17842,17276,256,310,0
"Charleston","WV",7422,6480,0,0,942
"Charleston-North Charleston","SC",160557,120166,138,5264,34989
"Charlotte-Gastonia-Concord","NC-SC",261941,241159,357,2153,18272
"Charlottesville","VA",26169,22918,257,232,2762
"Chattanooga","TN-GA",31896,30143,268,248,1237
"Cheyenne","WY",11328,10539,0,261,528
"Chicago-Naperville-Joliet","IL-IN-WI",848164,749770,8339,24745,65310
"Chico","CA",16451,16274,177,0,0
"Cincinnati-Middletown","OH-KY-IN",191776,178148,1221,2604,9803
"Clarksville","TN-KY",36030,29588,0,2378,4064
"Cleveland","TN",8602,8502,0,100,0
"Cleveland-Elyria-Mentor","OH",126244,117321,2617,1451,4855
"Coeur d""Alene","ID",39614,37824,978,279,533
"College Station-Bryan","TX",14058,14058,0,0,0
"Colorado Springs","CO",92423,89255,659,653,1856
"Columbia","MO",26584,25172,1292,120,0
"Columbia","SC",88115,82549,108,0,5458
"Columbus","GA-AL",21656,18717,166,131,2642
"Columbus","IN",4155,4155,0,0,0
"Columbus","OH",209787,167342,1572,15898,24975
"Corpus Christi","TX",22053,21875,178,0,0
"Corvallis","OR",4050,3804,246,0,0
"Cumberland","MD-WV",1947,1747,200,0,0
"Dallas-Fort Worth-Arlington","TX",834356,781407,3438,1794,47717
"Dalton","GA",10782,9345,88,295,1054
"Danville","IL",0,0,0,0,0
"Danville","VA",3088,2983,0,105,0
"Davenport-Moline-Rock Island","IA-IL",11430,10457,500,0,473
"Dayton","OH",49420,45449,1224,0,2747
"Decatur","AL",4674,4674,0,0,0
"Decatur","IL",1451,845,0,0,606
"Deltona-Daytona Beach-Ormond Beach","FL",96452,91260,0,0,5192
"Denver-Aurora","CO",399908,378208,4159,1452,16089
"Des Moines","IA",90830,87986,0,0,2844
"Detroit-Warren-Livonia","MI",252257,232806,623,1394,17434
"Dothan","AL",4117,4117,0,0,0
"Dover","DE",22102,21145,0,957,0
"Dubuque","IA",6949,6768,0,181,0
"Duluth","MN-WI",14714,12665,318,239,1492
"Durham","NC",69828,68195,128,0,1505
"Eau Claire","WI",12713,10027,2206,0,480
"El Centro","CA",7436,7130,0,0,306
"El Paso","TX",35245,35245,0,0,0
"Elizabethtown","KY",9121,8861,260,0,0
"Elkhart-Goshen","IN",14248,14248,0,0,0
"Elmira","NY",541,541,0,0,0
"Erie","PA",10210,6774,3074,362,0
"Eugene-Springfield","OR",27221,26250,692,279,0
"Evansville","IN-KY",20095,15636,190,450,3819
"Fairbanks","AK",5881,4706,570,605,0
"Fargo","ND-MN",29058,20361,175,888,7634
"Farmington","NM",9772,9772,0,0,0
"Fayetteville","NC",40616,31061,0,0,9555
"Fayetteville-Springdale-Rogers","AR-MO",59615,51561,2695,695,4664
"Flagstaff","AZ",18286,14429,0,0,3857
"Flint","MI",22810,22810,0,0,0
"Florence","SC",4377,4377,0,0,0
"Florence-Muscle Shoals","AL",3463,3376,87,0,0
"Fond du Lac","WI",7834,3692,0,0,4142
"Fort Collins-Loveland","CO",45712,41030,647,1694,2341
"Fort Smith","AR-OK",6956,6050,756,150,0
"Fort Walton Beach-Crestview-Destin","FL",42183,29951,0,0,12232
"Fort Wayne","IN",44186,41291,0,0,2895
"Fresno","CA",94095,86733,917,1099,5346
"Gadsden","AL",3002,3002,0,0,0
"Gainesville","FL",15789,13498,0,460,1831
"Gainesville","GA",21108,21108,0,0,0
"Glens Falls","NY",10670,10670,0,0,0
"Goldsboro","NC",5579,5579,0,0,0
"Grand Forks","ND-MN",3293,3293,0,0,0
"Grand Junction","CO",28140,28140,0,0,0
"Grand Rapids-Wyoming","MI",53565,51092,410,255,1808
"Great Falls","MT",2649,2649,0,0,0
"Greeley","CO",79391,77970,140,976,305
"Green Bay","WI",22018,20437,615,0,966
"Greensboro-High Point","NC",89566,84359,80,67,5060
"Greenville","NC",9918,6930,655,0,2333
"Greenville","SC",56303,54421,126,0,1756
"Gulfport-Biloxi","MS",25196,22378,433,405,1980
"Hagerstown-Martinsburg","MD-WV",62748,60832,1916,0,0
"Hanford-Corcoran","CA",9756,9756,0,0,0
"Harrisburg-Carlisle","PA",27860,27145,620,0,95
"Harrisonburg","VA",17453,16209,1244,0,0
"Hartford-West Hartford-East Hartford","CT",53830,52270,173,0,1387
"Hattiesburg","MS",1094,1094,0,0,0
"Hickory-Lenoir-Morganton","NC",25389,23027,0,0,2362
"Hinesville-Fort Stewart","GA",2855,2855,0,0,0
"Holland-Grand Haven","MI",20100,17490,492,1586,532
"Honolulu","HI",78434,48665,0,1964,27805
"Hot Springs","AR",1640,1640,0,0,0
"Houma-Bayou Cane-Thibodaux","LA",6369,6369,0,0,0
"Houston-Baytown-Sugar Land","TX",840240,762881,2843,828,73688
"Huntington-Ashland","WV-KY-OH",612,612,0,0,0
"Huntsville","AL",26704,26704,0,0,0
"Idaho Falls","ID",22141,20108,0,2033,0
"Indianapolis","IN",212191,197956,1640,3013,9582
"Iowa City","IA",17808,11658,0,0,6150
"Ithaca","NY",2036,1762,274,0,0
"Jackson","MI",5086,5086,0,0,0
"Jackson","MS",47641,45730,0,370,1541
"Jackson","TN",6924,6924,0,0,0
"Jacksonville","FL",430414,336273,1104,11216,81821
"Jacksonville","NC",17546,17546,0,0,0
"Janesville","WI",8979,8067,512,225,175
"Jefferson City","MO",4998,4481,0,196,321
"Johnson City","TN",9281,8914,0,69,298
"Johnstown","PA",380,380,0,0,0
"Jonesboro","AR",7198,7198,0,0,0
"Joplin","MO",1896,1896,0,0,0
"Kalamazoo-Portage","MI",14232,14232,0,0,0
"Kankakee-Bradley","IL",3640,3640,0,0,0
"Kansas City","MO-KS",186201,172541,1691,4803,7166
"Kennewick-Richland-Pasco","WA",39574,31521,192,2249,5612
"Killeen-Temple-Fort Hood","TX",36266,33069,309,1972,916
"Kingsport-Bristol-Bristol","TN-VA",10251,10251,0,0,0
"Kingston","NY",20513,13796,0,0,6717
"Knoxville","TN",52749,50786,131,400,1432
"Kokomo","IN",4861,4861,0,0,0
"La Crosse","WI-MN",8543,8028,300,0,215
"Lafayette","IN",12559,12059,0,0,500
"Lafayette","LA",20878,20878,0,0,0
"Lake Charles","LA",7705,7277,82,0,346
"Lakeland","FL",148678,143423,1927,0,3328
"Lancaster","PA",22819,20913,0,499,1407
"Lansing-East Lansing","MI",16331,14922,647,0,762
"Laredo","TX",17686,15468,84,136,1998
"Las Cruces","NM",28356,26689,180,0,1487
"Las Vegas-Paradise","NV",542441,399015,0,8120,135306
"Lawrence","KS",4998,4171,827,0,0
"Lawton","OK",1755,1755,0,0,0
"Lebanon","PA",9588,9344,244,0,0
"Lewiston","ID-WA",1000,850,150,0,0
"Lewiston-Auburn","ME",5331,4831,0,0,500
"Lexington-Fayette","KY",55740,53574,0,366,1800
"Lima","OH",790,790,0,0,0
"Lincoln","NE",26675,25388,880,0,407
"Little Rock-North Little Rock","AR",65760,63510,0,0,2250
"Logan","UT-ID",14092,13425,0,250,417
"Longview","TX",3421,3421,0,0,0
"Longview","WA",5682,5320,362,0,0
"Los Angeles-Long Beach-Santa Ana","CA",601914,362037,6476,9044,224357
"Louisville","KY-IN",127058,119433,200,105,7320
"Lubbock","TX",26361,14778,2940,792,7851
"Lynchburg","VA",34688,32762,0,0,1926
"Macon","GA",8363,8363,0,0,0
"Madera","CA",33614,33614,0,0,0
"Madison","WI",77356,53853,1233,1935,20335
"Manchester-Nashua","NH",27592,25794,0,1200,598
"Mansfield","OH",4031,3755,0,276,0
"McAllen-Edinburg-Pharr","TX",87950,67453,314,12238,7945
"Medford","OR",29079,28005,381,288,405
"Memphis","TN-MS-AR",152718,146906,157,0,5655
"Merced","CA",40201,39484,0,243,474
"Miami-Fort Lauderdale-Miami Beach","FL",674381,377690,6869,7538,282284
"Michigan City-La Porte","IN",3709,3709,0,0,0
"Midland","TX",4444,4444,0,0,0
"Milwaukee-Waukesha-West Allis","WI",105174,86564,2643,6674,9293
"Minneapolis-St. Paul-Bloomington","MN-WI",427543,353828,1667,2160,69888
"Missoula","MT",4782,4223,0,0,559
"Mobile","AL",23146,22696,0,0,450
"Modesto","CA",46948,45005,0,0,1943
"Monroe","LA",7187,7187,0,0,0
"Monroe","MI",7496,7496,0,0,0
"Montgomery","AL",25133,25133,0,0,0
"Morgantown","WV",1267,317,250,0,700
"Morristown","TN",8615,6890,975,0,750
"Mount Vernon-Anacortes","WA",15813,15813,0,0,0
"Muncie","IN",4088,3838,250,0,0
"Muskegon-Norton Shores","MI",6533,5442,1091,0,0
"Myrtle Beach-Conway-North Myrtle Beach","SC",144783,84524,1385,1216,57658
"Napa","CA",9713,9713,0,0,0
"Naples-Marco Island","FL",133962,83912,2002,4103,43945
"Nashville-Davidson--Murfreesboro","TN",260446,237684,1175,0,21587
"New Haven-Milford","CT",18275,15176,345,259,2495
"New Orleans-Metairie-Kenner","LA",87524,82691,2976,150,1707
"New York-Northern New Jersey-Long Island","NY-NJ-PA",864370,352958,60917,55856,394639
"Niles-Benton Harbor","MI",1914,1914,0,0,0
"Norwich-New London","CT",24443,21651,0,1016,1776
"Ocala","FL",74676,74676,0,0,0
"Ocean City","NJ",43995,17919,8680,2628,14768
"Odessa","TX",2496,2496,0,0,0
"Ogden-Clearfield","UT",69453,66805,1112,1536,0
"Oklahoma City","OK",119682,117186,545,597,1354
"Olympia","WA",26271,25788,0,0,483
"Omaha-Council Bluffs","NE-IA",72899,72434,182,0,283
"Orlando","FL",480857,403387,263,2004,75203
"Oshkosh-Neenah","WI",11313,9692,1621,0,0
"Owensboro","KY",3329,3329,0,0,0
"Oxnard-Thousand Oaks-Ventura","CA",119574,106478,0,365,12731
"Palm Bay-Melbourne-Titusville","FL",157384,115579,1769,0,40036
"Panama City-Lynn Haven","FL",28645,19174,283,2906,6282
"Parkersburg-Marietta","WV-OH",2306,2306,0,0,0
"Pascagoula","MS",9562,9162,0,400,0
"Pensacola-Ferry Pass-Brent","FL",54359,44675,3453,1253,4978
"Peoria","IL",14464,13029,1115,0,320
"Philadelphia-Camden-Wilmington","PA-NJ-DE-MD",251093,223122,850,3500,23621
"Phoenix-Mesa-Scottsdale","AZ",806181,757960,470,4321,43430
"Pine Bluff","AR",1239,1118,50,0,71
"Pittsburgh","PA",95906,87657,1163,740,6346
"Pittsfield","MA",918,918,0,0,0
"Pocatello","ID",5015,4755,0,260,0
"Port St. Lucie-Fort Pierce","FL",170518,155517,0,1666,13335
"Portland-South Portland-Biddeford","ME",64333,60453,2244,261,1375
"Portland-Vancouver-Beaverton","OR-WA",260853,232545,2530,1934,23844
"Poughkeepsie-Newburgh-Middletown","NY",29182,26580,290,0,2312
"Prescott","AZ",67437,65516,1423,498,0
"Providence-New Bedford-Fall River","RI-MA",62307,55664,906,850,4887
"Provo-Orem","UT",83183,80689,562,0,1932
"Pueblo","CO",16517,16517,0,0,0
"Punta Gorda","FL",49780,39996,1392,914,7478
"Racine","WI",21428,20778,0,650,0
"Raleigh-Cary","NC",247011,247011,0,0,0
"Rapid City","SD",13333,11399,0,0,1934
"Reading","PA",13954,13118,0,0,836
"Redding","CA",20866,18770,181,977,938
"Reno-Sparks","NV",98590,90773,128,489,7200
"Richmond","VA",140448,134183,0,2589,3676
"Riverside-San Bernardino-Ontario","CA",1005534,935998,634,23251,45651
"Roanoke","VA",24075,22575,0,0,1500
"Rochester","MN",22502,22125,0,0,377
"Rochester","NY",30863,30563,0,300,0
"Rockford","IL",19542,17721,895,926,0
"Rocky Mount","NC",6201,5531,670,0,0
"Rome","GA",6359,5505,505,0,349
"Sacramento--Arden-Arcade--Roseville","CA",321836,317485,475,1913,1963
"Saginaw-Saginaw Township North","MI",4700,4471,229,0,0
"Salem","OR",33834,33037,797,0,0
"Salinas","CA",22269,22269,0,0,0
"Salisbury","MD",9939,8612,0,0,1327
"Salt Lake City","UT",115945,109492,640,2354,3459
"San Angelo","TX",4679,4679,0,0,0
"San Antonio","TX",202215,194253,314,334,7314
"San Diego-Carlsbad-San Marcos","CA",257642,225339,1770,11037,19496
"San Francisco-Oakland-Fremont","CA",311506,258859,212,4941,47494
"San Jose-Sunnyvale-Santa Clara","CA",102112,59550,1125,9862,31575
"San Luis Obispo-Paso Robles","CA",34272,33585,0,0,687
"Sandusky","OH",267,0,0,0,267
"Santa Barbara-Santa Maria-Goleta","CA",34180,32761,223,279,917
"Santa Cruz-Watsonville","CA",8031,7835,196,0,0
"Santa Fe","NM",7702,7702,0,0,0
"Santa Rosa-Petaluma","CA",60355,36659,1122,0,22574
"Sarasota-Bradenton-Venice","FL",224914,209953,1107,4930,8924
"Savannah","GA",35247,33004,2043,0,200
"Scranton--Wilkes-Barre","PA",5632,5470,0,162,0
"Seattle-Tacoma-Bellevue","WA",412553,347885,3731,5900,55037
"Sheboygan","WI",3956,3547,409,0,0
"Sherman-Denison","TX",723,603,120,0,0
"Shreveport-Bossier City","LA",27567,27567,0,0,0
"Sioux City","IA-NE-SD",4772,4493,279,0,0
"Sioux Falls","SD",9988,8781,451,0,756
"South Bend-Mishawaka","IN-MI",17637,16077,0,0,1560
"Spartanburg","SC",18964,18964,0,0,0
"Spokane","WA",33785,26812,1133,293,5547
"Springfield","IL",6954,5565,736,374,279
"Springfield","MA",14602,14380,222,0,0
"Springfield","MO",64088,50564,2860,1890,8774
"Springfield","OH",3162,3162,0,0,0
"St. Cloud","MN",16788,16473,0,0,315
"St. George","UT",57394,51127,0,336,5931
"St. Joseph","MO-KS",2555,2555,0,0,0
"St. Louis","MO-IL",239539,226644,2928,1658,8309
"State College","PA",9531,8701,830,0,0
"Stockton","CA",114886,113487,446,0,953
"Sumter","SC",6660,5720,262,678,0
"Syracuse","NY",23352,21112,0,0,2240
"Tallahassee","FL",40796,30886,1191,457,8262
"Tampa-St. Petersburg-Clearwater","FL",565509,476286,823,2765,85635
"Terre Haute","IN",3647,2815,0,0,832
"Texarkana","TX-Texarkana",2720,2555,165,0,0
"Toledo","OH",26851,23701,966,2184,0
"Topeka","KS",13220,13220,0,0,0
"Trenton-Ewing","NJ",15224,11420,0,0,3804
"Tucson","AZ",206617,199499,1088,295,5735
"Tulsa","OK",71969,58681,314,0,12974
"Tuscaloosa","AL",19025,18501,0,0,524
"Tyler","TX",8204,7684,0,150,370
"Utica-Rome","NY",589,589,0,0,0
"Valdosta","GA",12745,10791,117,0,1837
"Vallejo-Fairfield","CA",43202,42502,700,0,0
"Vero Beach","FL",62423,61469,754,0,200
"Victoria","TX",2781,1584,0,714,483
"Vineland-Millville-Bridgeton","NJ",7002,7002,0,0,0
"Virginia Beach-Norfolk-Newport News","VA-NC",128359,120359,4395,1001,2604
"Visalia-Porterville","CA",53439,49198,557,3684,0
"Waco","TX",11513,7513,0,0,4000
"Warner Robins","GA",10609,10609,0,0,0
"Washington-Arlington-Alexandria","DC-VA-MD-WV",734812,527963,0,623,206226
"Waterloo-Cedar Falls","IA",14945,7558,490,480,6417
"Wausau","WI",11628,11183,445,0,0
"Weirton-Steubenville","WV-OH",239,239,0,0,0
"Wenatchee","WA",9060,9060,0,0,0
"Wheeling","WV-OH",0,0,0,0,0
"Wichita Falls","TX",6365,3803,0,2562,0
"Wichita","KS",34072,33631,441,0,0
"Williamsport","PA",193,193,0,0,0
"Wilmington","NC",118334,104102,3934,2030,8268
"Winchester","VA-WV",27444,27444,0,0,0
"Winston-Salem","NC",43163,42060,1103,0,0
"Worcester","MA",41670,41088,0,582,0
"Yakima","WA",10081,10081,0,0,0
"York-Hanover","PA",34946,33921,0,400,625
"Youngstown-Warren-Boardman","OH-PA",16753,15873,420,460,0
"Yuba City-Marysville","CA",32942,32942,0,0,0
"Yuma","AZ",29122,28219,0,0,903
