"City","State","Total","Units_1","Units_2","Units_3-4","Units_5-Inf"
"Abilene","TX",3247,3247,0,0,0
"Akron","OH",21863,20774,0,0,1089
"Albany","GA",6559,5332,138,0,1089
"Albany-Schenectady-Troy","NY",14772,14192,0,0,580
"Albuquerque","NM",60173,56802,1128,394,1849
"Alexandria","LA",3659,3659,0,0,0
"Allentown-Bethlehem-Easton","PA-NJ",34478,33618,100,292,468
"Altoona","PA",298,298,0,0,0
"Amarillo","TX",13002,13002,0,0,0
"Ames","IA",1888,1262,0,0,626
"Anchorage","AK",10127,7219,1638,1270,0
"Anderson","IN",4317,4317,0,0,0
"Anderson","SC",12516,12276,240,0,0
"Ann Arbor","MI",18284,17982,0,0,302
"Anniston-Oxford","AL",4108,4108,0,0,0
"Appleton","WI",8533,7856,677,0,0
"Asheville","NC",50018,45503,90,0,4425
"Athens-Clarke County","GA",17268,17268,0,0,0
"Atlanta-Sandy Springs-Marietta","GA",646225,616891,1538,1062,26734
"Atlantic City","NJ",12761,12749,0,0,12
"Auburn-Opelika","AL",15163,15042,121,0,0
"Augusta-Richmond County","GA-SC",32745,31602,0,0,1143
"Austin-Round Rock","TX",125997,121478,2335,139,2045
"Bakersfield","CA",66241,65700,373,168,0
"Baltimore-Towson","MD",74811,71863,0,748,2200
"Bangor","ME",2108,1813,0,295,0
"Barnstable Town","MA",14952,14289,0,663,0
"Baton Rouge","LA",39884,36794,0,0,3090
"Battle Creek","MI",989,989,0,0,0
"Bay City","MI",126,126,0,0,0
"Beaumont-Port Arthur","TX",6196,6196,0,0,0
"Bellingham","WA",18839,14925,240,385,3289
"Bend","OR",47373,45782,1299,292,0
"Billings","MT",2187,1376,811,0,0
"Binghamton","NY",1117,1117,0,0,0
"Birmingham-Hoover","AL",91696,83746,0,0,7950
"Bismarck","ND",1567,1216,0,351,0
"Blacksburg-Christiansburg-Radford","VA",264,264,0,0,0
"Bloomington","IN",5656,4371,540,0,745
"Bloomington-Normal","IL",3342,3342,0,0,0
"Boise City-Nampa","ID",109470,105776,2919,775,0
"Boston-Cambridge-Quincy","MA-NH",171397,105807,6464,3314,55812
"Boulder","CO",16922,16632,290,0,0
"Bowling Green","KY",12704,8928,0,0,3776
"Bremerton-Silverdale","WA",13371,13371,0,0,0
"Bridgeport-Stamford-Norwalk","CT",38317,37256,0,0,1061
"Brownsville-Harlingen","TX",16612,16177,435,0,0
"Brunswick","GA",15162,15162,0,0,0
"Buffalo-Niagara Falls","NY",16157,15410,0,0,747
"Burlington","NC",14199,14199,0,0,0
"Burlington-South Burlington","VT",5326,3869,334,364,759
"Canton-Massillon","OH",10475,10237,0,238,0
"Cape Coral-Fort Myers","FL",326083,288409,976,1272,35426
"Carson City","NV",2173,647,0,0,1526
"Casper","WY",2347,2347,0,0,0
"Cedar Rapids","IA",5105,3189,20,581,1315
"Champaign-Urbana","IL",8548,8548,0,0,0
"Charleston","WV",3000,3000,0,0,0
"Charleston-North Charleston","SC",82143,68031,0,265,13847
"Charlotte-Gastonia-Concord","NC-SC",198313,191557,580,0,6176
"Charlottesville","VA",26013,22852,266,0,2895
"Chattanooga","TN-GA",29715,29282,89,0,344
"Cheyenne","WY",4601,3914,0,415,272
"Chicago-Naperville-Joliet","IL-IN-WI",435048,371587,4980,18366,40115
"Chico","CA",10914,10467,447,0,0
"Cincinnati-Middletown","OH-KY-IN",110563,106296,216,2017,2034
"Clarksville","TN-KY",15376,15376,0,0,0
"Cleveland","TN",6492,6152,340,0,0
"Cleveland-Elyria-Mentor","OH",71615,69590,608,280,1137
"Coeur d""Alene","ID",20475,20075,158,0,242
"College Station-Bryan","TX",24687,9629,371,3875,10812
"Colorado Springs","CO",72285,68669,430,873,2313
"Columbia","MO",13841,13073,0,0,768
"Columbia","SC",62506,58359,0,126,4021
"Columbus","GA-AL",24173,23887,93,193,0
"Columbus","IN",1573,1573,0,0,0
"Columbus","OH",101669,94603,0,0,7066
"Corpus Christi","TX",15372,14057,113,181,1021
"Corvallis","OR",1351,1351,0,0,0
"Cumberland","MD-WV",1759,1484,0,0,275
"Dallas-Fort Worth-Arlington","TX",579053,503871,1892,286,73004
"Dalton","GA",7244,6191,0,164,889
"Danville","IL",100,100,0,0,0
"Danville","VA",2407,2302,0,105,0
"Davenport-Moline-Rock Island","IA-IL",6716,6716,0,0,0
"Dayton","OH",24081,23045,396,640,0
"Decatur","AL",4759,4759,0,0,0
"Decatur","IL",0,0,0,0,0
"Deltona-Daytona Beach-Ormond Beach","FL",79454,70831,236,0,8387
"Denver-Aurora","CO",267839,236657,205,3761,27216
"Des Moines","IA",37603,35690,0,0,1913
"Detroit-Warren-Livonia","MI",163077,145042,1330,6222,10483
"Dothan","AL",2152,2152,0,0,0
"Dover","DE",18178,18178,0,0,0
"Dubuque","IA",2236,2053,183,0,0
"Duluth","MN-WI",4114,3977,137,0,0
"Durham","NC",57981,57767,214,0,0
"Eau Claire","WI",1320,910,180,0,230
"El Centro","CA",11184,7206,0,104,3874
"El Paso","TX",39036,38550,486,0,0
"Elizabethtown","KY",9116,9116,0,0,0
"Elkhart-Goshen","IN",9336,9001,0,150,185
"Elmira","NY",194,194,0,0,0
"Erie","PA",720,720,0,0,0
"Eugene-Springfield","OR",25580,24346,517,288,429
"Evansville","IN-KY",11100,10206,137,757,0
"Fairbanks","AK",747,747,0,0,0
"Fargo","ND-MN",1769,548,0,0,1221
"Farmington","NM",4071,4071,0,0,0
"Fayetteville","NC",54097,31594,0,0,22503
"Fayetteville-Springdale-Rogers","AR-MO",58119,49258,2873,460,5528
"Flagstaff","AZ",6422,5857,315,250,0
"Flint","MI",10645,10645,0,0,0
"Florence","SC",1928,1928,0,0,0
"Florence-Muscle Shoals","AL",1439,1215,0,0,224
"Fond du Lac","WI",1535,1175,0,0,360
"Fort Collins-Loveland","CO",32722,29541,203,1892,1086
"Fort Smith","AR-OK",5592,4906,686,0,0
"Fort Walton Beach-Crestview-Destin","FL",20420,18906,0,314,1200
"Fort Wayne","IN",17170,17016,154,0,0
"Fresno","CA",55907,53425,0,0,2482
"Gadsden","AL",4435,4435,0,0,0
"Gainesville","FL",18982,15830,0,0,3152
"Gainesville","GA",22110,19625,440,222,1823
"Glens Falls","NY",6852,6302,0,550,0
"Goldsboro","NC",3642,3642,0,0,0
"Grand Forks","ND-MN",0,0,0,0,0
"Grand Junction","CO",14267,14267,0,0,0
"Grand Rapids-Wyoming","MI",35633,34931,102,0,600
"Great Falls","MT",431,431,0,0,0
"Greeley","CO",47205,46789,0,0,416
"Green Bay","WI",11503,11007,209,0,287
"Greensboro-High Point","NC",55586,54537,343,0,706
"Greenville","NC",17338,14471,121,0,2746
"Greenville","SC",42598,41904,537,0,157
"Gulfport-Biloxi","MS",18072,16501,1272,299,0
"Hagerstown-Martinsburg","MD-WV",32336,30716,1485,135,0
"Hanford-Corcoran","CA",6502,6379,0,123,0
"Harrisburg-Carlisle","PA",16135,16135,0,0,0
"Harrisonburg","VA",9062,8636,426,0,0
"Hartford-West Hartford-East Hartford","CT",21819,19326,658,0,1835
"Hattiesburg","MS",809,809,0,0,0
"Hickory-Lenoir-Morganton","NC",17169,16592,577,0,0
"Hinesville-Fort Stewart","GA",2508,2508,0,0,0
"Holland-Grand Haven","MI",15075,13126,124,1550,275
"Honolulu","HI",26881,25703,1178,0,0
"Hot Springs","AR",1203,1203,0,0,0
"Houma-Bayou Cane-Thibodaux","LA",6147,6147,0,0,0
"Houston-Baytown-Sugar Land","TX",637870,505909,1303,898,129760
"Huntington-Ashland","WV-KY-OH",458,458,0,0,0
"Huntsville","AL",28535,28535,0,0,0
"Idaho Falls","ID",6088,6088,0,0,0
"Indianapolis","IN",134747,118645,1325,338,14439
"Iowa City","IA",5308,5308,0,0,0
"Ithaca","NY",1022,642,0,0,380
"Jackson","MI",1431,1431,0,0,0
"Jackson","MS",40330,40089,0,241,0
"Jackson","TN",5825,5825,0,0,0
"Jacksonville","FL",237202,222691,127,0,14384
"Jacksonville","NC",10110,10110,0,0,0
"Janesville","WI",8426,4036,310,0,4080
"Jefferson City","MO",2197,2197,0,0,0
"Johnson City","TN",10256,10256,0,0,0
"Johnstown","PA",0,0,0,0,0
"Jonesboro","AR",4604,4240,0,72,292
"Joplin","MO",2395,2395,0,0,0
"Kalamazoo-Portage","MI",10147,9767,380,0,0
"Kankakee-Bradley","IL",4459,2459,0,0,2000
"Kansas City","MO-KS",128251,120390,4492,1361,2008
"Kennewick-Richland-Pasco","WA",22143,20707,0,0,1436
"Killeen-Temple-Fort Hood","TX",32564,29952,1831,781,0
"Kingsport-Bristol-Bristol","TN-VA",6967,6967,0,0,0
"Kingston","NY",3367,3367,0,0,0
"Knoxville","TN",36314,35425,325,564,0
"Kokomo","IN",1058,1058,0,0,0
"La Crosse","WI-MN",2302,2302,0,0,0
"Lafayette","IN",6640,6640,0,0,0
"Lafayette","LA",15756,15756,0,0,0
"Lake Charles","LA",9392,9207,185,0,0
"Lakeland","FL",76589,62851,366,0,13372
"Lancaster","PA",15192,14067,0,150,975
"Lansing-East Lansing","MI",20545,14072,192,0,6281
"Laredo","TX",11505,11280,0,0,225
"Las Cruces","NM",23575,22202,0,0,1373
"Las Vegas-Paradise","NV",244089,221646,0,3675,18768
"Lawrence","KS",1889,1889,0,0,0
"Lawton","OK",1380,1380,0,0,0
"Lebanon","PA",2622,2622,0,0,0
"Lewiston","ID-WA",1147,633,514,0,0
"Lewiston-Auburn","ME",4004,3504,0,0,500
"Lexington-Fayette","KY",39767,39252,515,0,0
"Lima","OH",476,476,0,0,0
"Lincoln","NE",15081,13987,308,0,786
"Little Rock-North Little Rock","AR",71399,49919,230,278,20972
"Logan","UT-ID",3770,3520,0,250,0
"Longview","TX",2634,2634,0,0,0
"Longview","WA",3632,3632,0,0,0
"Los Angeles-Long Beach-Santa Ana","CA",372162,228867,6817,4974,131504
"Louisville","KY-IN",65803,65165,198,440,0
"Lubbock","TX",18109,16314,1795,0,0
"Lynchburg","VA",17551,17341,210,0,0
"Macon","GA",9119,9119,0,0,0
"Madera","CA",9767,9116,504,147,0
"Madison","WI",45774,29278,189,520,15787
"Manchester-Nashua","NH",24393,16500,0,0,7893
"Mansfield","OH",951,451,500,0,0
"McAllen-Edinburg-Pharr","TX",63885,52748,40,4605,6492
"Medford","OR",22614,21512,0,596,506
"Memphis","TN-MS-AR",116584,116584,0,0,0
"Merced","CA",43279,35986,0,0,7293
"Miami-Fort Lauderdale-Miami Beach","FL",440288,287199,2653,3239,147197
"Michigan City-La Porte","IN",1581,1581,0,0,0
"Midland","TX",2983,2983,0,0,0
"Milwaukee-Waukesha-West Allis","WI",78101,51816,348,1875,24062
"Minneapolis-St. Paul-Bloomington","MN-WI",198652,168418,1059,2861,26314
"Missoula","MT",12264,9782,0,0,2482
"Mobile","AL",21218,21218,0,0,0
"Modesto","CA",50261,47934,0,0,2327
"Monroe","LA",5243,4697,0,0,546
"Monroe","MI",6274,6274,0,0,0
"Montgomery","AL",17971,17971,0,0,0
"Morgantown","WV",105,105,0,0,0
"Morristown","TN",8371,8131,240,0,0
"Mount Vernon-Anacortes","WA",10758,9821,458,0,479
"Muncie","IN",728,728,0,0,0
"Muskegon-Norton Shores","MI",3654,3654,0,0,0
"Myrtle Beach-Conway-North Myrtle Beach","SC",127356,54416,145,3297,69498
"Napa","CA",17112,12459,0,0,4653
"Naples-Marco Island","FL",110299,91327,1167,6050,11755
"Nashville-Davidson--Murfreesboro","TN",168137,144517,1828,1088,20704
"New Haven-Milford","CT",11352,10946,241,0,165
"New Orleans-Metairie-Kenner","LA",102939,101925,1014,0,0
"New York-Northern New Jersey-Long Island","NY-NJ-PA",479797,284742,31173,30350,133532
"Niles-Benton Harbor","MI",2465,2465,0,0,0
"Norwich-New London","CT",15637,5407,0,1022,9208
"Ocala","FL",60496,59731,590,175,0
"Ocean City","NJ",54534,19464,9720,1903,23447
"Odessa","TX",1837,1837,0,0,0
"Ogden-Clearfield","UT",49338,46529,283,2174,352
"Oklahoma City","OK",100750,81326,145,0,19279
"Olympia","WA",26629,26369,260,0,0
"Omaha-Council Bluffs","NE-IA",36104,34904,540,173,487
"Orlando","FL",385297,281477,517,2394,100909
"Oshkosh-Neenah","WI",4419,3554,100,340,425
"Owensboro","KY",1470,1298,172,0,0
"Oxnard-Thousand Oaks-Ventura","CA",50946,44647,464,0,5835
"Palm Bay-Melbourne-Titusville","FL",86084,72804,0,0,13280
"Panama City-Lynn Haven","FL",66726,16907,145,2879,46795
"Parkersburg-Marietta","WV-OH",445,445,0,0,0
"Pascagoula","MS",7710,7710,0,0,0
"Pensacola-Ferry Pass-Brent","FL",42188,41182,145,0,861
"Peoria","IL",10160,6043,449,0,3668
"Philadelphia-Camden-Wilmington","PA-NJ-DE-MD",186710,172348,1060,1233,12069
"Phoenix-Mesa-Scottsdale","AZ",670602,621067,1853,6075,41607
"Pine Bluff","AR",247,162,0,0,85
"Pittsburgh","PA",45529,41980,280,922,2347
"Pittsfield","MA",1140,1140,0,0,0
"Pocatello","ID",3740,3740,0,0,0
"Port St. Lucie-Fort Pierce","FL",95065,91298,414,638,2715
"Portland-South Portland-Biddeford","ME",30783,29848,414,521,0
"Portland-Vancouver-Beaverton","OR-WA",177352,149360,2917,10787,14288
"Poughkeepsie-Newburgh-Middletown","NY",17507,16053,0,0,1454
"Prescott","AZ",38179,37916,263,0,0
"Providence-New Bedford-Fall River","RI-MA",33279,29778,1137,246,2118
"Provo-Orem","UT",42941,41410,645,0,886
"Pueblo","CO",14009,13810,199,0,0
"Punta Gorda","FL",44673,38788,490,421,4974
"Racine","WI",9789,9789,0,0,0
"Raleigh-Cary","NC",173854,171923,1760,0,171
"Rapid City","SD",10343,9459,160,336,388
"Reading","PA",8239,8239,0,0,0
"Redding","CA",24168,20413,0,0,3755
"Reno-Sparks","NV",25851,25591,0,260,0
"Richmond","VA",107734,92244,0,4727,10763
"Riverside-San Bernardino-Ontario","CA",476420,436842,0,1102,38476
"Roanoke","VA",12534,12534,0,0,0
"Rochester","MN",12253,11492,0,0,761
"Rochester","NY",18297,17170,883,244,0
"Rockford","IL",9816,9816,0,0,0
"Rocky Mount","NC",4707,4383,324,0,0
"Rome","GA",5072,4703,369,0,0
"Sacramento--Arden-Arcade--Roseville","CA",272239,262728,800,0,8711
"Saginaw-Saginaw Township North","MI",4021,4021,0,0,0
"Salem","OR",28574,27787,451,336,0
"Salinas","CA",10008,10008,0,0,0
"Salisbury","MD",6614,6614,0,0,0
"Salt Lake City","UT",116666,78686,751,344,36885
"San Angelo","TX",3351,3351,0,0,0
"San Antonio","TX",164123,140359,781,2131,20852
"San Diego-Carlsbad-San Marcos","CA",266216,141335,1571,3258,120052
"San Francisco-Oakland-Fremont","CA",142609,123939,462,2035,16173
"San Jose-Sunnyvale-Santa Clara","CA",62136,32751,648,2043,26694
"San Luis Obispo-Paso Robles","CA",15731,13972,344,0,1415
"Sandusky","OH",600,600,0,0,0
"Santa Barbara-Santa Maria-Goleta","CA",12411,9565,0,0,2846
"Santa Cruz-Watsonville","CA",12422,8465,0,0,3957
"Santa Fe","NM",5168,5168,0,0,0
"Santa Rosa-Petaluma","CA",14382,14028,354,0,0
"Sarasota-Bradenton-Venice","FL",189332,138859,0,638,49835
"Savannah","GA",38427,38054,202,0,171
"Scranton--Wilkes-Barre","PA",2683,2683,0,0,0
"Seattle-Tacoma-Bellevue","WA",248937,228056,2021,5179,13681
"Sheboygan","WI",1705,1705,0,0,0
"Sherman-Denison","TX",1510,1510,0,0,0
"Shreveport-Bossier City","LA",16870,16870,0,0,0
"Sioux City","IA-NE-SD",2201,2201,0,0,0
"Sioux Falls","SD",6331,6127,0,204,0
"South Bend-Mishawaka","IN-MI",11085,9485,0,700,900
"Spartanburg","SC",16169,16169,0,0,0
"Spokane","WA",19688,19341,0,0,347
"Springfield","IL",3145,2523,167,0,455
"Springfield","MA",7862,7284,131,0,447
"Springfield","MO",27718,27618,100,0,0
"Springfield","OH",680,680,0,0,0
"St. Cloud","MN",5858,5401,0,0,457
"St. George","UT",34865,34865,0,0,0
"St. Joseph","MO-KS",1055,1055,0,0,0
"St. Louis","MO-IL",136039,126910,1398,1901,5830
"State College","PA",5216,5216,0,0,0
"Stockton","CA",112588,111727,347,0,514
"Sumter","SC",4735,3851,236,0,648
"Syracuse","NY",7676,6023,1021,632,0
"Tallahassee","FL",16535,14157,1383,598,397
"Tampa-St. Petersburg-Clearwater","FL",346500,303527,7412,12610,22951
"Terre Haute","IN",1693,1693,0,0,0
"Texarkana","TX-Texarkana",2059,1451,98,0,510
"Toledo","OH",17992,13013,0,5,4974
"Topeka","KS",6872,6872,0,0,0
"Trenton-Ewing","NJ",5246,4389,0,1,856
"Tucson","AZ",125662,124884,0,778,0
"Tulsa","OK",45536,44905,631,0,0
"Tuscaloosa","AL",14383,13611,0,0,772
"Tyler","TX",6258,5646,0,150,462
"Utica-Rome","NY",591,591,0,0,0
"Valdosta","GA",9239,8453,0,0,786
"Vallejo-Fairfield","CA",49526,39353,405,1145,8623
"Vero Beach","FL",39467,34940,0,408,4119
"Victoria","TX",820,820,0,0,0
"Vineland-Millville-Bridgeton","NJ",2132,2132,0,0,0
"Virginia Beach-Norfolk-Newport News","VA-NC",88273,85268,434,0,2571
"Visalia-Porterville","CA",27387,27031,0,356,0
"Waco","TX",10270,10270,0,0,0
"Warner Robins","GA",14672,14672,0,0,0
"Washington-Arlington-Alexandria","DC-VA-MD-WV",317152,292770,0,201,24181
"Waterloo-Cedar Falls","IA",1335,1335,0,0,0
"Wausau","WI",4539,4467,72,0,0
"Weirton-Steubenville","WV-OH",0,0,0,0,0
"Wenatchee","WA",4517,4517,0,0,0
"Wheeling","WV-OH",0,0,0,0,0
"Wichita Falls","TX",4063,3463,0,600,0
"Wichita","KS",17739,17644,95,0,0
"Williamsport","PA",134,134,0,0,0
"Wilmington","NC",81956,76004,1798,0,4154
"Winchester","VA-WV",15604,15604,0,0,0
"Winston-Salem","NC",37823,37823,0,0,0
"Worcester","MA",35360,33505,517,207,1131
"Yakima","WA",5086,4799,287,0,0
"York-Hanover","PA",18429,18429,0,0,0
"Youngstown-Warren-Boardman","OH-PA",7788,7688,100,0,0
"Yuba City-Marysville","CA",58802,58038,0,0,764
"Yuma","AZ",19771,19568,203,0,0
