"City","State","Total","Units_1","Units_2","Units_3-4","Units_5-Inf"
"Abilene","TX",3210,3210,0,0,0
"Akron","OH",32009,30443,220,744,602
"Albany","GA",6381,6076,127,178,0
"Albany-Schenectady-Troy","NY",54139,34038,0,0,20101
"Albuquerque","NM",82392,80876,0,223,1293
"Alexandria","LA",8093,8093,0,0,0
"Allentown-Bethlehem-Easton","PA-NJ",66944,65673,0,0,1271
"Altoona","PA",0,0,0,0,0
"Amarillo","TX",10421,10421,0,0,0
"Ames","IA",23789,9189,0,0,14600
"Anchorage","AK",57218,26676,5265,1640,23637
"Anderson","IN",6419,6419,0,0,0
"Anderson","SC",16421,13756,0,0,2665
"Ann Arbor","MI",12343,11826,155,0,362
"Anniston-Oxford","AL",2422,2422,0,0,0
"Appleton","WI",22946,19146,0,0,3800
"Asheville","NC",53446,52869,577,0,0
"Athens-Clarke County","GA",25061,16484,881,0,7696
"Atlanta-Sandy Springs-Marietta","GA",743465,687251,870,576,54768
"Atlantic City","NJ",27051,24133,764,692,1462
"Auburn-Opelika","AL",16764,15591,277,0,896
"Augusta-Richmond County","GA-SC",37415,37415,0,0,0
"Austin-Round Rock","TX",252770,204305,757,139,47569
"Bakersfield","CA",84814,82039,390,816,1569
"Baltimore-Towson","MD",115492,104313,628,1614,8937
"Bangor","ME",4955,4955,0,0,0
"Barnstable Town","MA",22489,20714,0,0,1775
"Baton Rouge","LA",41166,38839,0,608,1719
"Battle Creek","MI",531,531,0,0,0
"Bay City","MI",860,860,0,0,0
"Beaumont-Port Arthur","TX",14430,6465,0,0,7965
"Bellingham","WA",27391,20716,259,746,5670
"Bend","OR",83374,79465,965,2944,0
"Billings","MT",10145,9194,0,0,951
"Binghamton","NY",350,350,0,0,0
"Birmingham-Hoover","AL",114740,109928,36,1892,2884
"Bismarck","ND",15645,14415,0,1230,0
"Bloomington","IN",10654,7837,1439,237,1141
"Bloomington-Normal","IL",9758,9415,0,0,343
"Boise City-Nampa","ID",149621,145921,1329,2371,0
"Boston-Cambridge-Quincy","MA-NH",198737,133897,9739,3218,51883
"Boulder","CO",13807,13147,0,0,660
"Bowling Green","KY",11438,10967,471,0,0
"Bremerton-Silverdale","WA",19031,19031,0,0,0
"Bridgeport-Stamford-Norwalk","CT",50043,44545,186,271,5041
"Brownsville-Harlingen","TX",21910,21223,325,362,0
"Brunswick","GA",13974,12590,0,0,1384
"Buffalo-Niagara Falls","NY",24122,23962,160,0,0
"Burlington","NC",11388,11388,0,0,0
"Burlington-South Burlington","VT",11571,9802,885,390,494
"Canton-Massillon","OH",17991,17752,0,0,239
"Cape Coral-Fort Myers","FL",373654,315913,1605,623,55513
"Carson City","NV",2515,2515,0,0,0
"Casper","WY",6136,6136,0,0,0
"Cedar Rapids","IA",16003,12981,484,2538,0
"Champaign-Urbana","IL",15666,13747,377,0,1542
"Charleston","WV",5683,5683,0,0,0
"Charleston-North Charleston","SC",113789,109129,120,362,4178
"Charlotte-Gastonia-Concord","NC-SC",274561,248211,200,1745,24405
"Charlottesville","VA",34580,34580,0,0,0
"Chattanooga","TN-GA",31262,28750,89,1501,922
"Cheyenne","WY",10214,9542,0,261,411
"Chicago-Naperville-Joliet","IL-IN-WI",846854,689281,8125,24250,125198
"Chico","CA",16121,16121,0,0,0
"Cincinnati-Middletown","OH-KY-IN",186165,173653,425,1593,10494
"Clarksville","TN-KY",23805,21070,400,2175,160
"Cleveland","TN",6279,6279,0,0,0
"Cleveland-Elyria-Mentor","OH",130048,124322,965,2702,2059
"Coeur d""Alene","ID",42876,39430,471,329,2646
"College Station-Bryan","TX",14963,13129,1432,0,402
"Colorado Springs","CO",112092,105957,1434,1804,2897
"Columbia","MO",21839,18082,3307,450,0
"Columbia","SC",72072,66456,102,0,5514
"Columbus","GA-AL",24427,18071,0,750,5606
"Columbus","IN",4289,4289,0,0,0
"Columbus","OH",200055,175788,3068,3731,17468
"Corpus Christi","TX",16605,16425,180,0,0
"Corvallis","OR",3240,3240,0,0,0
"Cumberland","MD-WV",3073,3073,0,0,0
"Dallas-Fort Worth-Arlington","TX",811615,732417,2286,1187,75725
"Dalton","GA",10214,9583,88,174,369
"Danville","IL",120,120,0,0,0
"Danville","VA",2734,2734,0,0,0
"Davenport-Moline-Rock Island","IA-IL",14333,13459,338,0,536
"Dayton","OH",42515,42115,400,0,0
"Decatur","AL",3219,3219,0,0,0
"Decatur","IL",1525,1525,0,0,0
"Deltona-Daytona Beach-Ormond Beach","FL",119272,88473,359,0,30440
"Denver-Aurora","CO",311014,298080,1200,322,11412
"Des Moines","IA",89575,75423,0,0,14152
"Detroit-Warren-Livonia","MI",264134,237729,1231,3561,21613
"Dothan","AL",2646,2646,0,0,0
"Dover","DE",31011,25011,0,0,6000
"Dubuque","IA",6734,6024,461,249,0
"Duluth","MN-WI",10611,8342,218,239,1812
"Durham","NC",76525,76260,265,0,0
"Eau Claire","WI",13583,9963,370,1060,2190
"El Centro","CA",12731,12459,0,0,272
"El Paso","TX",37949,37853,96,0,0
"Elizabethtown","KY",9535,9135,0,0,400
"Elkhart-Goshen","IN",14315,14315,0,0,0
"Elmira","NY",481,361,120,0,0
"Erie","PA",9143,4300,0,0,4843
"Eugene-Springfield","OR",29783,26919,1964,471,429
"Evansville","IN-KY",16293,15731,147,0,415
"Fairbanks","AK",3267,2867,400,0,0
"Fargo","ND-MN",24617,23627,0,0,990
"Farmington","NM",7560,7560,0,0,0
"Fayetteville","NC",50862,31789,0,262,18811
"Fayetteville-Springdale-Rogers","AR-MO",64119,61518,2276,132,193
"Flagstaff","AZ",9401,9249,152,0,0
"Flint","MI",19468,19468,0,0,0
"Florence","SC",4067,4067,0,0,0
"Florence-Muscle Shoals","AL",2407,2407,0,0,0
"Fond du Lac","WI",3012,2344,0,668,0
"Fort Collins-Loveland","CO",56356,48773,0,546,7037
"Fort Smith","AR-OK",5085,4635,450,0,0
"Fort Walton Beach-Crestview-Destin","FL",43717,20987,0,0,22730
"Fort Wayne","IN",46670,37135,777,355,8403
"Fresno","CA",71532,64514,712,1099,5207
"Gadsden","AL",2465,2465,0,0,0
"Gainesville","FL",35338,22236,0,0,13102
"Gainesville","GA",23540,23540,0,0,0
"Glens Falls","NY",8790,8674,0,0,116
"Goldsboro","NC",4674,4674,0,0,0
"Grand Forks","ND-MN",9948,2657,0,0,7291
"Grand Junction","CO",18700,17566,294,0,840
"Grand Rapids-Wyoming","MI",43379,41240,0,255,1884
"Great Falls","MT",2642,2531,111,0,0
"Greeley","CO",76923,73412,0,976,2535
"Green Bay","WI",30063,22398,2562,935,4168
"Greensboro-High Point","NC",77258,72236,109,161,4752
"Greenville","NC",16909,14213,262,0,2434
"Greenville","SC",50577,48221,477,0,1879
"Gulfport-Biloxi","MS",23444,20999,262,203,1980
"Hagerstown-Martinsburg","MD-WV",56527,56402,125,0,0
"Hanford-Corcoran","CA",7310,7310,0,0,0
"Harrisburg-Carlisle","PA",28123,27903,220,0,0
"Harrisonburg","VA",16232,16232,0,0,0
"Hartford-West Hartford-East Hartford","CT",38204,35948,248,0,2008
"Hattiesburg","MS",572,572,0,0,0
"Hickory-Lenoir-Morganton","NC",25799,22391,0,0,3408
"Hinesville-Fort Stewart","GA",636,636,0,0,0
"Holland-Grand Haven","MI",17481,15730,362,780,609
"Honolulu","HI",66888,33950,250,1152,31536
"Hot Springs","AR",1421,1421,0,0,0
"Houma-Bayou Cane-Thibodaux","LA",7468,7468,0,0,0
"Houston-Baytown-Sugar Land","TX",757059,719462,942,931,35724
"Huntington-Ashland","WV-KY-OH",506,506,0,0,0
"Huntsville","AL",38147,37364,0,0,783
"Idaho Falls","ID",15035,14334,425,276,0
"Indianapolis","IN",223060,212212,4895,3594,2359
"Iowa City","IA",18099,17117,0,0,982
"Ithaca","NY",1834,1834,0,0,0
"Jackson","MI",5340,5340,0,0,0
"Jackson","MS",58221,55784,480,370,1587
"Jackson","TN",7763,7763,0,0,0
"Jacksonville","FL",374599,287482,637,0,86480
"Jacksonville","NC",11520,11520,0,0,0
"Janesville","WI",7730,7225,505,0,0
"Jefferson City","MO",4998,4481,0,196,321
"Johnson City","TN",12851,12491,0,360,0
"Johnstown","PA",220,220,0,0,0
"Jonesboro","AR",4362,4362,0,0,0
"Joplin","MO",3646,3646,0,0,0
"Kalamazoo-Portage","MI",13797,13797,0,0,0
"Kankakee-Bradley","IL",4057,4057,0,0,0
"Kansas City","MO-KS",260144,230281,3573,4880,21410
"Kennewick-Richland-Pasco","WA",36186,28683,192,1799,5512
"Killeen-Temple-Fort Hood","TX",29845,27776,693,358,1018
"Kingsport-Bristol-Bristol","TN-VA",8862,8660,202,0,0
"Kingston","NY",6773,5826,0,947,0
"Knoxville","TN",51338,50736,0,602,0
"Kokomo","IN",4353,3841,287,0,225
"La Crosse","WI-MN",8506,8236,270,0,0
"Lafayette","IN",14143,13563,0,0,580
"Lafayette","LA",16152,16152,0,0,0
"Lake Charles","LA",12867,12707,160,0,0
"Lakeland","FL",112545,112545,0,0,0
"Lancaster","PA",24846,23862,176,375,433
"Lansing-East Lansing","MI",22898,17872,523,0,4503
"Laredo","TX",16346,14264,84,0,1998
"Las Cruces","NM",25279,23894,0,0,1385
"Las Vegas-Paradise","NV",363300,306412,0,5399,51489
"Lawrence","KS",6030,5013,1017,0,0
"Lawton","OK",1630,1630,0,0,0
"Lebanon","PA",7402,7402,0,0,0
"Lewiston","ID-WA",816,816,0,0,0
"Lewiston-Auburn","ME",6324,5738,586,0,0
"Lexington-Fayette","KY",60732,55803,0,380,4549
"Lima","OH",652,652,0,0,0
"Lincoln","NE",18585,18000,585,0,0
"Little Rock-North Little Rock","AR",57063,55813,150,0,1100
"Logan","UT-ID",14003,13586,0,0,417
"Longview","TX",5682,5682,0,0,0
"Longview","WA",8589,8589,0,0,0
"Los Angeles-Long Beach-Santa Ana","CA",504710,367499,5680,9268,122263
"Louisville","KY-IN",118690,111814,0,0,6876
"Lubbock","TX",14571,13995,576,0,0
"Lynchburg","VA",21284,21199,85,0,0
"Macon","GA",8571,8571,0,0,0
"Madera","CA",18058,16844,1069,145,0
"Madison","WI",67719,57473,4501,3608,2137
"Manchester-Nashua","NH",25616,22436,2136,0,1044
"Mansfield","OH",7513,6813,370,330,0
"McAllen-Edinburg-Pharr","TX",87177,73253,2007,8024,3893
"Medford","OR",28655,27136,366,860,293
"Memphis","TN-MS-AR",123673,123673,0,0,0
"Merced","CA",42089,42089,0,0,0
"Miami-Fort Lauderdale-Miami Beach","FL",603916,411008,4372,2366,186170
"Michigan City-La Porte","IN",3639,3639,0,0,0
"Midland","TX",4799,4799,0,0,0
"Milwaukee-Waukesha-West Allis","WI",100624,79983,6038,2025,12578
"Minneapolis-St. Paul-Bloomington","MN-WI",428833,323049,3628,7648,94508
"Missoula","MT",3043,3043,0,0,0
"Mobile","AL",20930,20930,0,0,0
"Modesto","CA",58450,53124,940,0,4386
"Monroe","LA",3989,3938,51,0,0
"Monroe","MI",5874,5874,0,0,0
"Montgomery","AL",17640,16046,533,0,1061
"Morgantown","WV",93,93,0,0,0
"Morristown","TN",6926,6446,0,480,0
"Mount Vernon-Anacortes","WA",8359,7359,0,0,1000
"Muncie","IN",2954,2954,0,0,0
"Muskegon-Norton Shores","MI",5006,4334,672,0,0
"Myrtle Beach-Conway-North Myrtle Beach","SC",99328,74972,3157,0,21199
"Napa","CA",8094,8094,0,0,0
"Naples-Marco Island","FL",116200,100209,1695,8594,5702
"Nashville-Davidson--Murfreesboro","TN",206494,187225,676,131,18462
"New Haven-Milford","CT",24569,22221,216,259,1873
"New Orleans-Metairie-Kenner","LA",68976,66816,969,212,979
"New York-Northern New Jersey-Long Island","NY-NJ-PA",663506,335496,67748,39806,220456
"Niles-Benton Harbor","MI",2210,2210,0,0,0
"Norwich-New London","CT",17918,13712,206,252,3748
"Ocala","FL",63331,60163,0,0,3168
"Ocean City","NJ",28661,19095,4682,1829,3055
"Odessa","TX",9065,4065,0,0,5000
"Ogden-Clearfield","UT",60883,57469,223,2648,543
"Oklahoma City","OK",128813,118810,291,298,9414
"Olympia","WA",43068,43068,0,0,0
"Omaha-Council Bluffs","NE-IA",77567,71107,119,133,6208
"Orlando","FL",614480,448284,1024,828,164344
"Oshkosh-Neenah","WI",8136,7376,760,0,0
"Owensboro","KY",4458,4458,0,0,0
"Oxnard-Thousand Oaks-Ventura","CA",140060,116156,1740,1037,21127
"Palm Bay-Melbourne-Titusville","FL",111877,101997,190,0,9690
"Panama City-Lynn Haven","FL",24027,19879,143,600,3405
"Parkersburg-Marietta","WV-OH",2286,2286,0,0,0
"Pascagoula","MS",7699,7699,0,0,0
"Pensacola-Ferry Pass-Brent","FL",47804,43278,314,0,4212
"Peoria","IL",12855,11532,1323,0,0
"Philadelphia-Camden-Wilmington","PA-NJ-DE-MD",220605,197969,394,4062,18180
"Phoenix-Mesa-Scottsdale","AZ",781864,684610,1460,3453,92341
"Pine Bluff","AR",645,645,0,0,0
"Pittsburgh","PA",90050,78969,846,741,9494
"Pittsfield","MA",2167,2167,0,0,0
"Pocatello","ID",4629,4375,0,254,0
"Port St. Lucie-Fort Pierce","FL",131679,120519,0,1871,9289
"Portland-South Portland-Biddeford","ME",55539,46819,906,261,7553
"Portland-Vancouver-Beaverton","OR-WA",236772,193459,2310,1987,39016
"Poughkeepsie-Newburgh-Middletown","NY",26121,21257,0,0,4864
"Prescott","AZ",52766,52405,361,0,0
"Providence-New Bedford-Fall River","RI-MA",57023,53495,1532,246,1750
"Provo-Orem","UT",90773,88723,839,325,886
"Pueblo","CO",16500,15574,926,0,0
"Punta Gorda","FL",42643,36512,1120,1667,3344
"Racine","WI",10296,9940,356,0,0
"Raleigh-Cary","NC",232617,216744,785,0,15088
"Rapid City","SD",17523,16354,365,804,0
"Reading","PA",9270,8694,180,396,0
"Redding","CA",21185,18599,0,1346,1240
"Reno-Sparks","NV",102261,63949,133,0,38179
"Richmond","VA",126767,124773,157,1837,0
"Riverside-San Bernardino-Ontario","CA",801458,767123,559,23669,10107
"Roanoke","VA",21999,18306,0,300,3393
"Rochester","MN",21929,21552,0,0,377
"Rochester","NY",28550,27011,0,0,1539
"Rockford","IL",24100,22840,900,360,0
"Rocky Mount","NC",5780,5465,315,0,0
"Rome","GA",5932,5222,303,0,407
"Sacramento--Arden-Arcade--Roseville","CA",385280,374989,849,1458,7984
"Saginaw-Saginaw Township North","MI",4216,3985,231,0,0
"Salem","OR",23541,21431,582,208,1320
"Salinas","CA",16186,14151,0,0,2035
"Salisbury","MD",7765,7765,0,0,0
"Salt Lake City","UT",119200,115068,406,1184,2542
"San Angelo","TX",3062,3062,0,0,0
"San Antonio","TX",191831,167270,942,318,23301
"San Diego-Carlsbad-San Marcos","CA",244448,227036,13455,1391,2566
"San Francisco-Oakland-Fremont","CA",283617,219210,687,4889,58831
"San Jose-Sunnyvale-Santa Clara","CA",110121,60168,279,1927,47747
"San Luis Obispo-Paso Robles","CA",25826,24920,228,0,678
"Sandusky","OH",0,0,0,0,0
"Santa Barbara-Santa Maria-Goleta","CA",22861,21861,223,209,568
"Santa Cruz-Watsonville","CA",4272,4272,0,0,0
"Santa Fe","NM",7026,7026,0,0,0
"Santa Rosa-Petaluma","CA",30823,30572,251,0,0
"Sarasota-Bradenton-Venice","FL",207820,174611,829,0,32380
"Savannah","GA",34832,34158,0,0,674
"Scranton--Wilkes-Barre","PA",4546,4546,0,0,0
"Seattle-Tacoma-Bellevue","WA",364231,317965,5449,10371,30446
"Sheboygan","WI",5529,4179,0,0,1350
"Sherman-Denison","TX",603,603,0,0,0
"Shreveport-Bossier City","LA",24945,24945,0,0,0
"Sioux City","IA-NE-SD",3801,3801,0,0,0
"Sioux Falls","SD",24075,19092,0,232,4751
"South Bend-Mishawaka","IN-MI",12760,11824,0,0,936
"Spartanburg","SC",14416,14416,0,0,0
"Spokane","WA",24606,24072,534,0,0
"Springfield","IL",8030,6595,1435,0,0
"Springfield","MA",12624,11662,522,220,220
"Springfield","MO",57650,40536,1440,625,15049
"Springfield","OH",3669,3669,0,0,0
"St. Cloud","MN",19032,18468,249,0,315
"St. George","UT",40787,38411,576,0,1800
"St. Joseph","MO-KS",2498,1705,273,0,520
"St. Louis","MO-IL",225410,213395,3601,1371,7043
"State College","PA",8456,8066,190,200,0
"Stockton","CA",135858,135169,689,0,0
"Sumter","SC",5705,5235,131,339,0
"Syracuse","NY",16839,16262,377,200,0
"Tallahassee","FL",43875,34370,764,261,8480
"Tampa-St. Petersburg-Clearwater","FL",439639,367656,6275,1849,63859
"Terre Haute","IN",2994,1987,0,214,793
"Texarkana","TX-Texarkana",1965,1965,0,0,0
"Toledo","OH",32747,31102,951,694,0
"Topeka","KS",13943,13943,0,0,0
"Trenton-Ewing","NJ",8982,8657,325,0,0
"Tucson","AZ",169094,162814,932,149,5199
"Tulsa","OK",63161,62724,0,437,0
"Tuscaloosa","AL",17592,17592,0,0,0
"Tyler","TX",7584,7018,0,150,416
"Utica-Rome","NY",502,502,0,0,0
"Valdosta","GA",12085,10188,0,0,1897
"Vallejo-Fairfield","CA",34645,34645,0,0,0
"Vero Beach","FL",67199,64313,585,280,2021
"Victoria","TX",2288,1471,0,238,579
"Vineland-Millville-Bridgeton","NJ",3394,3394,0,0,0
"Virginia Beach-Norfolk-Newport News","VA-NC",122125,116506,785,375,4459
"Visalia-Porterville","CA",41595,41120,0,475,0
"Waco","TX",5723,5723,0,0,0
"Warner Robins","GA",16365,16365,0,0,0
"Washington-Arlington-Alexandria","DC-VA-MD-WV",480419,425628,400,4121,50270
"Waterloo-Cedar Falls","IA",10354,10354,0,0,0
"Wausau","WI",13292,11672,220,0,1400
"Weirton-Steubenville","WV-OH",957,957,0,0,0
"Wenatchee","WA",7426,7426,0,0,0
"Wheeling","WV-OH",0,0,0,0,0
"Wichita Falls","TX",3891,3641,250,0,0
"Wichita","KS",38570,34603,3967,0,0
"Williamsport","PA",1121,681,440,0,0
"Wilmington","NC",133773,108299,1396,0,24078
"Winchester","VA-WV",23429,23429,0,0,0
"Winston-Salem","NC",42229,42043,0,186,0
"Worcester","MA",34834,31668,1162,2004,0
"Yakima","WA",9135,9135,0,0,0
"York-Hanover","PA",23773,20919,84,880,1890
"Youngstown-Warren-Boardman","OH-PA",15886,15566,260,60,0
"Yuba City-Marysville","CA",46423,45785,0,0,638
"Yuma","AZ",27965,27062,0,0,903
