METROPOLITAN STATISTICAL AREAS AND COMPONENTS, November 2007, WITH CODES

(Metropolitan statistical areas and metropolitan divisions defined by the Office of Management and Budget, November 2007)

Source:                 U.S. Census Bureau, Population Division
Internet Release Date:  June 24, 2008
Last Revised:           

                FIPS
CBSA   Div      State/
Code   Code     County  Metropolitan Statistical Area and Division Titles and Components
10180                   Abilene, TX Metropolitan Statistical Area
10180           48059         Callahan County, TX
10180           48253         Jones County, TX
10180           48441         Taylor County, TX

10380                   Aguadilla-Isabela-San Sebastián, PR Metropolitan Statistical Area
10380           72003         Aguada Municipio, PR
10380           72005         Aguadilla Municipio, PR
10380           72011         Añasco Municipio, PR
10380           72071         Isabela Municipio, PR
10380           72081         Lares Municipio, PR
10380           72099         Moca Municipio, PR
10380           72117         Rincón Municipio, PR
10380           72131         San Sebastián Municipio, PR

10420                   Akron, OH Metropolitan Statistical Area
10420           39133         Portage County, OH
10420           39153         Summit County, OH

10500                   Albany, GA Metropolitan Statistical Area
10500           13007         Baker County, GA
10500           13095         Dougherty County, GA
10500           13177         Lee County, GA
10500           13273         Terrell County, GA
10500           13321         Worth County, GA

10580                   Albany-Schenectady-Troy, NY Metropolitan Statistical Area
10580           36001         Albany County, NY
10580           36083         Rensselaer County, NY
10580           36091         Saratoga County, NY
10580           36093         Schenectady County, NY
10580           36095         Schoharie County, NY

10740                   Albuquerque, NM Metropolitan Statistical Area
10740           35001         Bernalillo County, NM
10740           35043         Sandoval County, NM
10740           35057         Torrance County, NM
10740           35061         Valencia County, NM

10780                   Alexandria, LA Metropolitan Statistical Area
10780           22043         Grant Parish, LA
10780           22079         Rapides Parish, LA

10900                   Allentown-Bethlehem-Easton, PA-NJ Metropolitan Statistical Area
10900           34041         Warren County, NJ
10900           42025         Carbon County, PA
10900           42077         Lehigh County, PA
10900           42095         Northampton County, PA

11020                   Altoona, PA Metropolitan Statistical Area
11020           42013         Blair County, PA

11100                   Amarillo, TX Metropolitan Statistical Area
11100           48011         Armstrong County, TX
11100           48065         Carson County, TX
11100           48375         Potter County, TX
11100           48381         Randall County, TX

11180                   Ames, IA Metropolitan Statistical Area
11180           19169         Story County, IA

11260                   Anchorage, AK Metropolitan Statistical Area
11260           02020         Anchorage Municipality, AK
11260           02170         Matanuska-Susitna Borough, AK

11300                   Anderson, IN Metropolitan Statistical Area
11300           18095         Madison County, IN

11340                   Anderson, SC Metropolitan Statistical Area
11340           45007         Anderson County, SC

11460                   Ann Arbor, MI Metropolitan Statistical Area
11460           26161         Washtenaw County, MI

11500                   Anniston-Oxford, AL Metropolitan Statistical Area
11500           01015         Calhoun County, AL

11540                   Appleton, WI Metropolitan Statistical Area
11540           55015         Calumet County, WI
11540           55087         Outagamie County, WI

11700                   Asheville, NC Metropolitan Statistical Area
11700           37021         Buncombe County, NC
11700           37087         Haywood County, NC
11700           37089         Henderson County, NC
11700           37115         Madison County, NC

12020                   Athens-Clarke County, GA Metropolitan Statistical Area
12020           13059         Clarke County, GA
12020           13195         Madison County, GA
12020           13219         Oconee County, GA
12020           13221         Oglethorpe County, GA

12060                   Atlanta-Sandy Springs-Marietta, GA Metropolitan Statistical Area
12060           13013         Barrow County, GA
12060           13015         Bartow County, GA
12060           13035         Butts County, GA
12060           13045         Carroll County, GA
12060           13057         Cherokee County, GA
12060           13063         Clayton County, GA
12060           13067         Cobb County, GA
12060           13077         Coweta County, GA
12060           13085         Dawson County, GA
12060           13089         DeKalb County, GA
12060           13097         Douglas County, GA
12060           13113         Fayette County, GA
12060           13117         Forsyth County, GA
12060           13121         Fulton County, GA
12060           13135         Gwinnett County, GA
12060           13143         Haralson County, GA
12060           13149         Heard County, GA
12060           13151         Henry County, GA
12060           13159         Jasper County, GA
12060           13171         Lamar County, GA
12060           13199         Meriwether County, GA
12060           13217         Newton County, GA
12060           13223         Paulding County, GA
12060           13227         Pickens County, GA
12060           13231         Pike County, GA
12060           13247         Rockdale County, GA
12060           13255         Spalding County, GA
12060           13297         Walton County, GA

12100                   Atlantic City-Hammonton, NJ Metropolitan Statistical Area
12100           34001         Atlantic County, NJ

12220                   Auburn-Opelika, AL Metropolitan Statistical Area
12220           01081         Lee County, AL

12260                   Augusta-Richmond County, GA-SC Metropolitan Statistical Area
12260           13033         Burke County, GA
12260           13073         Columbia County, GA
12260           13189         McDuffie County, GA
12260           13245         Richmond County, GA
12260           45003         Aiken County, SC
12260           45037         Edgefield County, SC

12420                   Austin-Round Rock, TX Metropolitan Statistical Area
12420           48021         Bastrop County, TX
12420           48055         Caldwell County, TX
12420           48209         Hays County, TX
12420           48453         Travis County, TX
12420           48491         Williamson County, TX

12540                   Bakersfield, CA Metropolitan Statistical Area
12540           06029         Kern County, CA

12580                   Baltimore-Towson, MD Metropolitan Statistical Area
12580           24003         Anne Arundel County, MD
12580           24005         Baltimore County, MD
12580           24013         Carroll County, MD
12580           24025         Harford County, MD
12580           24027         Howard County, MD
12580           24035         Queen Anne's County, MD
12580           24510         Baltimore city, MD

12620                   Bangor, ME Metropolitan Statistical Area
12620           23019         Penobscot County, ME

12700                   Barnstable Town, MA Metropolitan Statistical Area
12700           25001         Barnstable County, MA

12940                   Baton Rouge, LA Metropolitan Statistical Area
12940           22005         Ascension Parish, LA
12940           22033         East Baton Rouge Parish, LA
12940           22037         East Feliciana Parish, LA
12940           22047         Iberville Parish, LA
12940           22063         Livingston Parish, LA
12940           22077         Pointe Coupee Parish, LA
12940           22091         St. Helena Parish, LA
12940           22121         West Baton Rouge Parish, LA
12940           22125         West Feliciana Parish, LA

12980                   Battle Creek, MI Metropolitan Statistical Area
12980           26025         Calhoun County, MI

13020                   Bay City, MI Metropolitan Statistical Area
13020           26017         Bay County, MI

13140                   Beaumont-Port Arthur, TX Metropolitan Statistical Area
13140           48199         Hardin County, TX
13140           48245         Jefferson County, TX
13140           48361         Orange County, TX

13380                   Bellingham, WA Metropolitan Statistical Area
13380           53073         Whatcom County, WA

13460                   Bend, OR Metropolitan Statistical Area
13460           41017         Deschutes County, OR

13740                   Billings, MT Metropolitan Statistical Area
13740           30009         Carbon County, MT
13740           30111         Yellowstone County, MT

13780                   Binghamton, NY Metropolitan Statistical Area
13780           36007         Broome County, NY
13780           36107         Tioga County, NY

13820                   Birmingham-Hoover, AL Metropolitan Statistical Area
13820           01007         Bibb County, AL
13820           01009         Blount County, AL
13820           01021         Chilton County, AL
13820           01073         Jefferson County, AL
13820           01115         St. Clair County, AL
13820           01117         Shelby County, AL
13820           01127         Walker County, AL

13900                   Bismarck, ND Metropolitan Statistical Area
13900           38015         Burleigh County, ND
13900           38059         Morton County, ND

13980                   Blacksburg-Christiansburg-Radford, VA Metropolitan Statistical Area
13980           51071         Giles County, VA
13980           51121         Montgomery County, VA
13980           51155         Pulaski County, VA
13980           51750         Radford city, VA

14020                   Bloomington, IN Metropolitan Statistical Area
14020           18055         Greene County, IN
14020           18105         Monroe County, IN
14020           18119         Owen County, IN

14060                   Bloomington-Normal, IL Metropolitan Statistical Area
14060           17113         McLean County, IL

14260                   Boise City-Nampa, ID Metropolitan Statistical Area
14260           16001         Ada County, ID
14260           16015         Boise County, ID
14260           16027         Canyon County, ID
14260           16045         Gem County, ID
14260           16073         Owyhee County, ID

14460                   Boston-Cambridge-Quincy, MA-NH Metropolitan Statistical Area
14460   14484              Boston-Quincy, MA Metropolitan Division
14460   14484   25021         Norfolk County, MA
14460   14484   25023         Plymouth County, MA
14460   14484   25025         Suffolk County, MA 
14460   15764              Cambridge-Newton-Framingham, MA Metropolitan Division
14460   15764   25017         Middlesex County, MA
14460   37764              Peabody, MA Metropolitan Division
14460   37764   25009         Essex County, MA
14460   40484              Rockingham County-Strafford County, NH Metropolitan Division
14460   40484   33015         Rockingham County, NH
14460   40484   33017         Strafford County, NH

14500                   Boulder, CO Metropolitan Statistical Area
14500           08013         Boulder County, CO

14540                   Bowling Green, KY Metropolitan Statistical Area
14540           21061         Edmonson County, KY
14540           21227         Warren County, KY

14600                   Bradenton-Sarasota-Venice, FL Metropolitan Statistical Area
14600           12081         Manatee County, FL
14600           12115         Sarasota County, FL

14740                   Bremerton-Silverdale, WA Metropolitan Statistical Area
14740           53035         Kitsap County, WA

14860                   Bridgeport-Stamford-Norwalk, CT Metropolitan Statistical Area
14860           09001         Fairfield County, CT

15180                   Brownsville-Harlingen, TX Metropolitan Statistical Area
15180           48061         Cameron County, TX

15260                   Brunswick, GA Metropolitan Statistical Area
15260           13025         Brantley County, GA
15260           13127         Glynn County, GA
15260           13191         McIntosh County, GA

15380                   Buffalo-Niagara Falls, NY Metropolitan Statistical Area
15380           36029         Erie County, NY
15380           36063         Niagara County, NY

15500                   Burlington, NC Metropolitan Statistical Area
15500           37001         Alamance County, NC

15540                   Burlington-South Burlington, VT Metropolitan Statistical Area
15540           50007         Chittenden County, VT
15540           50011         Franklin County, VT
15540           50013         Grand Isle County, VT

15940                   Canton-Massillon, OH Metropolitan Statistical Area
15940           39019         Carroll County, OH
15940           39151         Stark County, OH

15980                   Cape Coral-Fort Myers, FL Metropolitan Statistical Area
15980           12071         Lee County, FL

16180                   Carson City, NV Metropolitan Statistical Area
16180           32510         Carson City, NV

16220                   Casper, WY Metropolitan Statistical Area
16220           56025         Natrona County, WY

16300                   Cedar Rapids, IA Metropolitan Statistical Area
16300           19011         Benton County, IA
16300           19105         Jones County, IA
16300           19113         Linn County, IA

16580                   Champaign-Urbana, IL Metropolitan Statistical Area
16580           17019         Champaign County, IL
16580           17053         Ford County, IL
16580           17147         Piatt County, IL

16620                   Charleston, WV Metropolitan Statistical Area
16620           54005         Boone County, WV
16620           54015         Clay County, WV
16620           54039         Kanawha County, WV
16620           54043         Lincoln County, WV
16620           54079         Putnam County, WV

16700                   Charleston-North Charleston-Summerville, SC Metropolitan Statistical Area
16700           45015         Berkeley County, SC
16700           45019         Charleston County, SC
16700           45035         Dorchester County, SC

16740                   Charlotte-Gastonia-Concord, NC-SC Metropolitan Statistical Area
16740           37007         Anson County, NC
16740           37025         Cabarrus County, NC
16740           37071         Gaston County, NC
16740           37119         Mecklenburg County, NC
16740           37179         Union County, NC
16740           45091         York County, SC

16820                   Charlottesville, VA Metropolitan Statistical Area
16820           51003         Albemarle County, VA
16820           51065         Fluvanna County, VA
16820           51079         Greene County, VA
16820           51125         Nelson County, VA
16820           51540         Charlottesville city, VA

16860                   Chattanooga, TN-GA Metropolitan Statistical Area
16860           13047         Catoosa County, GA
16860           13083         Dade County, GA
16860           13295         Walker County, GA
16860           47065         Hamilton County, TN
16860           47115         Marion County, TN
16860           47153         Sequatchie County, TN

16940                   Cheyenne, WY Metropolitan Statistical Area
16940           56021         Laramie County, WY

16980                   Chicago-Naperville-Joliet, IL-IN-WI Metropolitan Statistical Area
16980   16974              Chicago-Naperville-Joliet, IL Metropolitan Division
16980   16974   17031         Cook County, IL
16980   16974   17037         DeKalb County, IL
16980   16974   17043         DuPage County, IL
16980   16974   17063         Grundy County, IL
16980   16974   17089         Kane County, IL
16980   16974   17093         Kendall County, IL
16980   16974   17111         McHenry County, IL
16980   16974   17197         Will County, IL
16980   23844              Gary, IN Metropolitan Division
16980   23844   18073         Jasper County, IN
16980   23844   18089         Lake County, IN
16980   23844   18111         Newton County, IN
16980   23844   18127         Porter County, IN
16980   29404              Lake County-Kenosha County, IL-WI Metropolitan Division
16980   29404   17097         Lake County, IL
16980   29404   55059         Kenosha County, WI

17020                   Chico, CA Metropolitan Statistical Area
17020           06007         Butte County, CA

17140                   Cincinnati-Middletown, OH-KY-IN Metropolitan Statistical Area
17140           18029         Dearborn County, IN
17140           18047         Franklin County, IN
17140           18115         Ohio County, IN
17140           21015         Boone County, KY
17140           21023         Bracken County, KY
17140           21037         Campbell County, KY
17140           21077         Gallatin County, KY
17140           21081         Grant County, KY
17140           21117         Kenton County, KY
17140           21191         Pendleton County, KY
17140           39015         Brown County, OH
17140           39017         Butler County, OH
17140           39025         Clermont County, OH
17140           39061         Hamilton County, OH
17140           39165         Warren County, OH

17300                   Clarksville, TN-KY Metropolitan Statistical Area
17300           21047         Christian County, KY
17300           21221         Trigg County, KY
17300           47125         Montgomery County, TN
17300           47161         Stewart County, TN

17420                   Cleveland, TN Metropolitan Statistical Area
17420           47011         Bradley County, TN
17420           47139         Polk County, TN

17460                   Cleveland-Elyria-Mentor, OH Metropolitan Statistical Area
17460           39035         Cuyahoga County, OH
17460           39055         Geauga County, OH
17460           39085         Lake County, OH
17460           39093         Lorain County, OH
17460           39103         Medina County, OH

17660                   Coeur d'Alene, ID Metropolitan Statistical Area
17660           16055         Kootenai County, ID

17780                   College Station-Bryan, TX Metropolitan Statistical Area
17780           48041         Brazos County, TX
17780           48051         Burleson County, TX
17780           48395         Robertson County, TX

17820                   Colorado Springs, CO Metropolitan Statistical Area
17820           08041         El Paso County, CO
17820           08119         Teller County, CO

17860                   Columbia, MO Metropolitan Statistical Area
17860           29019         Boone County, MO
17860           29089         Howard County, MO

17900                   Columbia, SC Metropolitan Statistical Area
17900           45017         Calhoun County, SC
17900           45039         Fairfield County, SC
17900           45055         Kershaw County, SC
17900           45063         Lexington County, SC
17900           45079         Richland County, SC
17900           45081         Saluda County, SC

17980                   Columbus, GA-AL Metropolitan Statistical Area
17980           01113         Russell County, AL
17980           13053         Chattahoochee County, GA
17980           13145         Harris County, GA
17980           13197         Marion County, GA
17980           13215         Muscogee County, GA

18020                   Columbus, IN Metropolitan Statistical Area
18020           18005         Bartholomew County, IN

18140                   Columbus, OH Metropolitan Statistical Area
18140           39041         Delaware County, OH
18140           39045         Fairfield County, OH
18140           39049         Franklin County, OH
18140           39089         Licking County, OH
18140           39097         Madison County, OH
18140           39117         Morrow County, OH
18140           39129         Pickaway County, OH
18140           39159         Union County, OH

18580                   Corpus Christi, TX Metropolitan Statistical Area
18580           48007         Aransas County, TX
18580           48355         Nueces County, TX
18580           48409         San Patricio County, TX

18700                   Corvallis, OR Metropolitan Statistical Area
18700           41003         Benton County, OR

19060                   Cumberland, MD-WV Metropolitan Statistical Area
19060           24001         Allegany County, MD
19060           54057         Mineral County, WV

19100                   Dallas-Fort Worth-Arlington, TX Metropolitan Statistical Area
19100   19124              Dallas-Plano-Irving, TX Metropolitan Division
19100   19124   48085         Collin County, TX
19100   19124   48113         Dallas County, TX
19100   19124   48119         Delta County, TX
19100   19124   48121         Denton County, TX
19100   19124   48139         Ellis County, TX
19100   19124   48231         Hunt County, TX
19100   19124   48257         Kaufman County, TX
19100   19124   48397         Rockwall County, TX
19100   23104              Fort Worth-Arlington, TX Metropolitan Division
19100   23104   48251         Johnson County, TX
19100   23104   48367         Parker County, TX
19100   23104   48439         Tarrant County, TX
19100   23104   48497         Wise County, TX

19140                   Dalton, GA Metropolitan Statistical Area
19140           13213         Murray County, GA
19140           13313         Whitfield County, GA

19180                   Danville, IL Metropolitan Statistical Area
19180           17183         Vermilion County, IL

19260                   Danville, VA Metropolitan Statistical Area
19260           51143         Pittsylvania County, VA
19260           51590         Danville city, VA

19340                   Davenport-Moline-Rock Island, IA-IL Metropolitan Statistical Area
19340           17073         Henry County, IL
19340           17131         Mercer County, IL
19340           17161         Rock Island County, IL
19340           19163         Scott County, IA

19380                   Dayton, OH Metropolitan Statistical Area
19380           39057         Greene County, OH
19380           39109         Miami County, OH
19380           39113         Montgomery County, OH
19380           39135         Preble County, OH

19460                   Decatur, AL Metropolitan Statistical Area
19460           01079         Lawrence County, AL
19460           01103         Morgan County, AL

19500                   Decatur, IL Metropolitan Statistical Area
19500           17115         Macon County, IL

19660                   Deltona-Daytona Beach-Ormond Beach, FL Metropolitan Statistical Area
19660           12127         Volusia County, FL

19740                   Denver-Aurora, CO Metropolitan Statistical Area
19740           08001         Adams County, CO
19740           08005         Arapahoe County, CO
19740           08014         Broomfield County, CO
19740           08019         Clear Creek County, CO
19740           08031         Denver County, CO
19740           08035         Douglas County, CO
19740           08039         Elbert County, CO
19740           08047         Gilpin County, CO
19740           08059         Jefferson County, CO
19740           08093         Park County, CO

19780                   Des Moines-West Des Moines, IA Metropolitan Statistical Area
19780           19049         Dallas County, IA
19780           19077         Guthrie County, IA
19780           19121         Madison County, IA
19780           19153         Polk County, IA
19780           19181         Warren County, IA

19820                   Detroit-Warren-Livonia, MI Metropolitan Statistical Area
19820   19804              Detroit-Livonia-Dearborn, MI Metropolitan Division
19820   19804   26163         Wayne County, MI 
19820   47644              Warren-Troy-Farmington Hills, MI Metropolitan Division
19820   47644   26087         Lapeer County, MI
19820   47644   26093         Livingston County, MI
19820   47644   26099         Macomb County, MI
19820   47644   26125         Oakland County, MI
19820   47644   26147         St. Clair County, MI

20020                   Dothan, AL Metropolitan Statistical Area
20020           01061         Geneva County, AL
20020           01067         Henry County, AL
20020           01069         Houston County, AL

20100                   Dover, DE Metropolitan Statistical Area
20100           10001         Kent County, DE

20220                   Dubuque, IA Metropolitan Statistical Area
20220           19061         Dubuque County, IA

20260                   Duluth, MN-WI Metropolitan Statistical Area
20260           27017         Carlton County, MN
20260           27137         St. Louis County, MN
20260           55031         Douglas County, WI

20500                   Durham, NC Metropolitan Statistical Area
20500           37037         Chatham County, NC
20500           37063         Durham County, NC
20500           37135         Orange County, NC
20500           37145         Person County, NC

20740                   Eau Claire, WI Metropolitan Statistical Area
20740           55017         Chippewa County, WI
20740           55035         Eau Claire County, WI

20940                   El Centro, CA Metropolitan Statistical Area
20940           06025         Imperial County, CA

21060                   Elizabethtown, KY Metropolitan Statistical Area
21060           21093         Hardin County, KY
21060           21123         Larue County, KY

21140                   Elkhart-Goshen, IN Metropolitan Statistical Area
21140           18039         Elkhart County, IN

21300                   Elmira, NY Metropolitan Statistical Area
21300           36015         Chemung County, NY

21340                   El Paso, TX Metropolitan Statistical Area
21340           48141         El Paso County, TX

21500                   Erie, PA Metropolitan Statistical Area
21500           42049         Erie County, PA

21660                   Eugene-Springfield, OR Metropolitan Statistical Area
21660           41039         Lane County, OR

21780                   Evansville, IN-KY Metropolitan Statistical Area
21780           18051         Gibson County, IN
21780           18129         Posey County, IN
21780           18163         Vanderburgh County, IN
21780           18173         Warrick County, IN
21780           21101         Henderson County, KY
21780           21233         Webster County, KY

21820                   Fairbanks, AK Metropolitan Statistical Area
21820           02090         Fairbanks North Star Borough, AK

21940                   Fajardo, PR Metropolitan Statistical Area
21940           72037         Ceiba Municipio, PR
21940           72053         Fajardo Municipio, PR
21940           72089         Luquillo Municipio, PR

22020                   Fargo, ND-MN Metropolitan Statistical Area
22020           27027         Clay County, MN
22020           38017         Cass County, ND

22140                   Farmington, NM Metropolitan Statistical Area
22140           35045         San Juan County, NM

22180                   Fayetteville, NC Metropolitan Statistical Area
22180           37051         Cumberland County, NC
22180           37093         Hoke County, NC

22220                   Fayetteville-Springdale-Rogers, AR-MO Metropolitan Statistical Area
22220           05007         Benton County, AR
22220           05087         Madison County, AR
22220           05143         Washington County, AR
22220           29119         McDonald County, MO

22380                   Flagstaff, AZ Metropolitan Statistical Area
22380           04005         Coconino County, AZ

22420                   Flint, MI Metropolitan Statistical Area
22420           26049         Genesee County, MI

22500                   Florence, SC Metropolitan Statistical Area
22500           45031         Darlington County, SC
22500           45041         Florence County, SC

22520                   Florence-Muscle Shoals, AL Metropolitan Statistical Area
22520           01033         Colbert County, AL
22520           01077         Lauderdale County, AL

22540                   Fond du Lac, WI Metropolitan Statistical Area
22540           55039         Fond du Lac County, WI

22660                   Fort Collins-Loveland, CO Metropolitan Statistical Area
22660           08069         Larimer County, CO

22900                   Fort Smith, AR-OK Metropolitan Statistical Area
22900           05033         Crawford County, AR
22900           05047         Franklin County, AR
22900           05131         Sebastian County, AR
22900           40079         Le Flore County, OK
22900           40135         Sequoyah County, OK

23020                   Fort Walton Beach-Crestview-Destin, FL Metropolitan Statistical Area
23020           12091         Okaloosa County, FL

23060                   Fort Wayne, IN Metropolitan Statistical Area
23060           18003         Allen County, IN
23060           18179         Wells County, IN
23060           18183         Whitley County, IN

23420                   Fresno, CA Metropolitan Statistical Area
23420           06019         Fresno County, CA

23460                   Gadsden, AL Metropolitan Statistical Area
23460           01055         Etowah County, AL

23540                   Gainesville, FL Metropolitan Statistical Area
23540           12001         Alachua County, FL
23540           12041         Gilchrist County, FL

23580                   Gainesville, GA Metropolitan Statistical Area
23580           13139         Hall County, GA

24020                   Glens Falls, NY Metropolitan Statistical Area
24020           36113         Warren County, NY
24020           36115         Washington County, NY

24140                   Goldsboro, NC Metropolitan Statistical Area
24140           37191         Wayne County, NC

24220                   Grand Forks, ND-MN Metropolitan Statistical Area
24220           27119         Polk County, MN
24220           38035         Grand Forks County, ND

24300                   Grand Junction, CO Metropolitan Statistical Area
24300           08077         Mesa County, CO

24340                   Grand Rapids-Wyoming, MI Metropolitan Statistical Area
24340           26015         Barry County, MI
24340           26067         Ionia County, MI
24340           26081         Kent County, MI
24340           26123         Newaygo County, MI

24500                   Great Falls, MT Metropolitan Statistical Area
24500           30013         Cascade County, MT

24540                   Greeley, CO Metropolitan Statistical Area
24540           08123         Weld County, CO

24580                   Green Bay, WI Metropolitan Statistical Area
24580           55009         Brown County, WI
24580           55061         Kewaunee County, WI
24580           55083         Oconto County, WI

24660                   Greensboro-High Point, NC Metropolitan Statistical Area
24660           37081         Guilford County, NC
24660           37151         Randolph County, NC
24660           37157         Rockingham County, NC

24780                   Greenville, NC Metropolitan Statistical Area
24780           37079         Greene County, NC
24780           37147         Pitt County, NC

24860                   Greenville-Mauldin-Easley, SC Metropolitan Statistical Area
24860           45045         Greenville County, SC
24860           45059         Laurens County, SC
24860           45077         Pickens County, SC

25020                   Guayama, PR Metropolitan Statistical Area
25020           72015         Arroyo Municipio, PR
25020           72057         Guayama Municipio, PR
25020           72109         Patillas Municipio, PR

25060                   Gulfport-Biloxi, MS Metropolitan Statistical Area
25060           28045         Hancock County, MS
25060           28047         Harrison County, MS
25060           28131         Stone County, MS

25180                   Hagerstown-Martinsburg, MD-WV Metropolitan Statistical Area
25180           24043         Washington County, MD
25180           54003         Berkeley County, WV
25180           54065         Morgan County, WV

25260                   Hanford-Corcoran, CA Metropolitan Statistical Area
25260           06031         Kings County, CA

25420                   Harrisburg-Carlisle, PA Metropolitan Statistical Area
25420           42041         Cumberland County, PA
25420           42043         Dauphin County, PA
25420           42099         Perry County, PA

25500                   Harrisonburg, VA Metropolitan Statistical Area
25500           51165         Rockingham County, VA
25500           51660         Harrisonburg city, VA

25540                   Hartford-West Hartford-East Hartford, CT Metropolitan Statistical Area
25540           09003         Hartford County, CT
25540           09007         Middlesex County, CT
25540           09013         Tolland County, CT

25620                   Hattiesburg, MS Metropolitan Statistical Area
25620           28035         Forrest County, MS
25620           28073         Lamar County, MS
25620           28111         Perry County, MS

25860                   Hickory-Lenoir-Morganton, NC Metropolitan Statistical Area
25860           37003         Alexander County, NC
25860           37023         Burke County, NC
25860           37027         Caldwell County, NC
25860           37035         Catawba County, NC

25980                   Hinesville-Fort Stewart, GA Metropolitan Statistical Area
25980           13179         Liberty County, GA
25980           13183         Long County, GA

26100                   Holland-Grand Haven, MI Metropolitan Statistical Area
26100           26139         Ottawa County, MI

26180                   Honolulu, HI Metropolitan Statistical Area
26180           15003         Honolulu County, HI

26300                   Hot Springs, AR Metropolitan Statistical Area
26300           05051         Garland County, AR

26380                   Houma-Bayou Cane-Thibodaux, LA Metropolitan Statistical Area
26380           22057         Lafourche Parish, LA
26380           22109         Terrebonne Parish, LA

26420                   Houston-Sugar Land-Baytown, TX Metropolitan Statistical Area
26420           48015         Austin County, TX
26420           48039         Brazoria County, TX
26420           48071         Chambers County, TX
26420           48157         Fort Bend County, TX
26420           48167         Galveston County, TX
26420           48201         Harris County, TX
26420           48291         Liberty County, TX
26420           48339         Montgomery County, TX
26420           48407         San Jacinto County, TX
26420           48473         Waller County, TX

26580                   Huntington-Ashland, WV-KY-OH Metropolitan Statistical Area
26580           21019         Boyd County, KY
26580           21089         Greenup County, KY
26580           39087         Lawrence County, OH
26580           54011         Cabell County, WV
26580           54099         Wayne County, WV

26620                   Huntsville, AL Metropolitan Statistical Area
26620           01083         Limestone County, AL
26620           01089         Madison County, AL

26820                   Idaho Falls, ID Metropolitan Statistical Area
26820           16019         Bonneville County, ID
26820           16051         Jefferson County, ID

26900                   Indianapolis-Carmel, IN Metropolitan Statistical Area
26900           18011         Boone County, IN
26900           18013         Brown County, IN
26900           18057         Hamilton County, IN
26900           18059         Hancock County, IN
26900           18063         Hendricks County, IN
26900           18081         Johnson County, IN
26900           18097         Marion County, IN
26900           18109         Morgan County, IN
26900           18133         Putnam County, IN
26900           18145         Shelby County, IN

26980                   Iowa City, IA Metropolitan Statistical Area
26980           19103         Johnson County, IA
26980           19183         Washington County, IA

27060                   Ithaca, NY Metropolitan Statistical Area
27060           36109         Tompkins County, NY

27100                   Jackson, MI Metropolitan Statistical Area
27100           26075         Jackson County, MI

27140                   Jackson, MS Metropolitan Statistical Area
27140           28029         Copiah County, MS
27140           28049         Hinds County, MS
27140           28089         Madison County, MS
27140           28121         Rankin County, MS
27140           28127         Simpson County, MS

27180                   Jackson, TN Metropolitan Statistical Area
27180           47023         Chester County, TN
27180           47113         Madison County, TN

27260                   Jacksonville, FL Metropolitan Statistical Area
27260           12003         Baker County, FL
27260           12019         Clay County, FL
27260           12031         Duval County, FL
27260           12089         Nassau County, FL
27260           12109         St. Johns County, FL

27340                   Jacksonville, NC Metropolitan Statistical Area
27340           37133         Onslow County, NC

27500                   Janesville, WI Metropolitan Statistical Area
27500           55105         Rock County, WI

27620                   Jefferson City, MO Metropolitan Statistical Area
27620           29027         Callaway County, MO
27620           29051         Cole County, MO
27620           29135         Moniteau County, MO
27620           29151         Osage County, MO

27740                   Johnson City, TN Metropolitan Statistical Area
27740           47019         Carter County, TN
27740           47171         Unicoi County, TN
27740           47179         Washington County, TN

27780                   Johnstown, PA Metropolitan Statistical Area
27780           42021         Cambria County, PA

27860                   Jonesboro, AR Metropolitan Statistical Area
27860           05031         Craighead County, AR
27860           05111         Poinsett County, AR

27900                   Joplin, MO Metropolitan Statistical Area
27900           29097         Jasper County, MO
27900           29145         Newton County, MO

28020                   Kalamazoo-Portage, MI Metropolitan Statistical Area
28020           26077         Kalamazoo County, MI
28020           26159         Van Buren County, MI

28100                   Kankakee-Bradley, IL Metropolitan Statistical Area
28100           17091         Kankakee County, IL

28140                   Kansas City, MO-KS Metropolitan Statistical Area
28140           20059         Franklin County, KS
28140           20091         Johnson County, KS
28140           20103         Leavenworth County, KS
28140           20107         Linn County, KS
28140           20121         Miami County, KS
28140           20209         Wyandotte County, KS
28140           29013         Bates County, MO
28140           29025         Caldwell County, MO
28140           29037         Cass County, MO
28140           29047         Clay County, MO
28140           29049         Clinton County, MO
28140           29095         Jackson County, MO
28140           29107         Lafayette County, MO
28140           29165         Platte County, MO
28140           29177         Ray County, MO

28420                   Kennewick-Pasco-Richland, WA Metropolitan Statistical Area
28420           53005         Benton County, WA
28420           53021         Franklin County, WA

28660                   Killeen-Temple-Fort Hood, TX Metropolitan Statistical Area
28660           48027         Bell County, TX
28660           48099         Coryell County, TX
28660           48281         Lampasas County, TX

28700                   Kingsport-Bristol-Bristol, TN-VA Metropolitan Statistical Area
28700           47073         Hawkins County, TN
28700           47163         Sullivan County, TN
28700           51169         Scott County, VA
28700           51191         Washington County, VA
28700           51520         Bristol city, VA

28740                   Kingston, NY Metropolitan Statistical Area
28740           36111         Ulster County, NY

28940                   Knoxville, TN Metropolitan Statistical Area
28940           47001         Anderson County, TN
28940           47009         Blount County, TN
28940           47093         Knox County, TN
28940           47105         Loudon County, TN
28940           47173         Union County, TN

29020                   Kokomo, IN Metropolitan Statistical Area
29020           18067         Howard County, IN
29020           18159         Tipton County, IN

29100                   La Crosse, WI-MN Metropolitan Statistical Area
29100           27055         Houston County, MN
29100           55063         La Crosse County, WI

29140                   Lafayette, IN Metropolitan Statistical Area
29140           18007         Benton County, IN
29140           18015         Carroll County, IN
29140           18157         Tippecanoe County, IN

29180                   Lafayette, LA Metropolitan Statistical Area
29180           22055         Lafayette Parish, LA
29180           22099         St. Martin Parish, LA

29340                   Lake Charles, LA Metropolitan Statistical Area
29340           22019         Calcasieu Parish, LA
29340           22023         Cameron Parish, LA

29420                   Lake Havasu City-Kingman, AZ Metropolitan Statistical Area
29420           04015         Mohave County, AZ

29460                   Lakeland-Winter Haven, FL Metropolitan Statistical Area
29460           12105         Polk County, FL

29540                   Lancaster, PA Metropolitan Statistical Area
29540           42071         Lancaster County, PA

29620                   Lansing-East Lansing, MI Metropolitan Statistical Area
29620           26037         Clinton County, MI
29620           26045         Eaton County, MI
29620           26065         Ingham County, MI

29700                   Laredo, TX Metropolitan Statistical Area
29700           48479         Webb County, TX

29740                   Las Cruces, NM Metropolitan Statistical Area
29740           35013         Dona Ana County, NM

29820                   Las Vegas-Paradise, NV Metropolitan Statistical Area
29820           32003         Clark County, NV

29940                   Lawrence, KS Metropolitan Statistical Area
29940           20045         Douglas County, KS

30020                   Lawton, OK Metropolitan Statistical Area
30020           40031         Comanche County, OK

30140                   Lebanon, PA Metropolitan Statistical Area
30140           42075         Lebanon County, PA

30300                   Lewiston, ID-WA Metropolitan Statistical Area
30300           16069         Nez Perce County, ID
30300           53003         Asotin County, WA

30340                   Lewiston-Auburn, ME Metropolitan Statistical Area
30340           23001         Androscoggin County, ME

30460                   Lexington-Fayette, KY Metropolitan Statistical Area
30460           21017         Bourbon County, KY
30460           21049         Clark County, KY
30460           21067         Fayette County, KY
30460           21113         Jessamine County, KY
30460           21209         Scott County, KY
30460           21239         Woodford County, KY

30620                   Lima, OH Metropolitan Statistical Area
30620           39003         Allen County, OH

30700                   Lincoln, NE Metropolitan Statistical Area
30700           31109         Lancaster County, NE
30700           31159         Seward County, NE

30780                   Little Rock-North Little Rock-Conway, AR Metropolitan Statistical Area
30780           05045         Faulkner County, AR
30780           05053         Grant County, AR
30780           05085         Lonoke County, AR
30780           05105         Perry County, AR
30780           05119         Pulaski County, AR
30780           05125         Saline County, AR

30860                   Logan, UT-ID Metropolitan Statistical Area
30860           16041         Franklin County, ID
30860           49005         Cache County, UT

30980                   Longview, TX Metropolitan Statistical Area
30980           48183         Gregg County, TX
30980           48401         Rusk County, TX
30980           48459         Upshur County, TX

31020                   Longview, WA Metropolitan Statistical Area
31020           53015         Cowlitz County, WA

31100                   Los Angeles-Long Beach-Santa Ana, CA Metropolitan Statistical Area
31100   31084              Los Angeles-Long Beach-Glendale, CA Metropolitan Division
31100   31084   06037         Los Angeles County, CA
31100   42044              Santa Ana-Anaheim-Irvine, CA Metropolitan Division
31100   42044   06059         Orange County, CA

31140                   Louisville/Jefferson County, KY-IN Metropolitan Statistical Area
31140           18019         Clark County, IN
31140           18043         Floyd County, IN
31140           18061         Harrison County, IN
31140           18175         Washington County, IN
31140           21029         Bullitt County, KY
31140           21103         Henry County, KY
31140           21111         Jefferson County, KY
31140           21163         Meade County, KY
31140           21179         Nelson County, KY
31140           21185         Oldham County, KY
31140           21211         Shelby County, KY
31140           21215         Spencer County, KY
31140           21223         Trimble County, KY

31180                   Lubbock, TX Metropolitan Statistical Area
31180           48107         Crosby County, TX
31180           48303         Lubbock County, TX

31340                   Lynchburg, VA Metropolitan Statistical Area
31340           51009         Amherst County, VA
31340           51011         Appomattox County, VA
31340           51019         Bedford County, VA
31340           51031         Campbell County, VA
31340           51515         Bedford city, VA
31340           51680         Lynchburg city, VA

31420                   Macon, GA Metropolitan Statistical Area
31420           13021         Bibb County, GA
31420           13079         Crawford County, GA
31420           13169         Jones County, GA
31420           13207         Monroe County, GA
31420           13289         Twiggs County, GA

31460                   Madera, CA Metropolitan Statistical Area
31460           06039         Madera County, CA

31540                   Madison, WI Metropolitan Statistical Area
31540           55021         Columbia County, WI
31540           55025         Dane County, WI
31540           55049         Iowa County, WI

31700                   Manchester-Nashua, NH Metropolitan Statistical Area
31700           33011         Hillsborough County, NH

31900                   Mansfield, OH Metropolitan Statistical Area
31900           39139         Richland County, OH

32420                   Mayagüez, PR Metropolitan Statistical Area
32420           72067         Hormigueros Municipio, PR
32420           72097         Mayagüez Municipio, PR

32580                   McAllen-Edinburg-Mission, TX Metropolitan Statistical Area
32580           48215         Hidalgo County, TX

32780                   Medford, OR Metropolitan Statistical Area
32780           41029         Jackson County, OR

32820                   Memphis, TN-MS-AR Metropolitan Statistical Area
32820           05035         Crittenden County, AR
32820           28033         DeSoto County, MS
32820           28093         Marshall County, MS
32820           28137         Tate County, MS
32820           28143         Tunica County, MS
32820           47047         Fayette County, TN
32820           47157         Shelby County, TN
32820           47167         Tipton County, TN

32900                   Merced, CA Metropolitan Statistical Area
32900           06047         Merced County, CA

33100                   Miami-Fort Lauderdale-Pompano Beach, FL Metropolitan Statistical Area
33100   22744              Fort Lauderdale-Pompano Beach-Deerfield Beach, FL Metropolitan Division
33100   22744   12011         Broward County, FL
33100   33124              Miami-Miami Beach-Kendall, FL Metropolitan Division
33100   33124   12086         Miami-Dade County, FL
33100   48424              West Palm Beach-Boca Raton-Boynton Beach, FL Metropolitan Division
33100   48424   12099         Palm Beach County, FL

33140                   Michigan City-La Porte, IN Metropolitan Statistical Area
33140           18091         LaPorte County, IN

33260                   Midland, TX Metropolitan Statistical Area
33260           48329         Midland County, TX

33340                   Milwaukee-Waukesha-West Allis, WI Metropolitan Statistical Area
33340           55079         Milwaukee County, WI
33340           55089         Ozaukee County, WI
33340           55131         Washington County, WI
33340           55133         Waukesha County, WI

33460                   Minneapolis-St. Paul-Bloomington, MN-WI Metropolitan Statistical Area
33460           27003         Anoka County, MN
33460           27019         Carver County, MN
33460           27025         Chisago County, MN
33460           27037         Dakota County, MN
33460           27053         Hennepin County, MN
33460           27059         Isanti County, MN
33460           27123         Ramsey County, MN
33460           27139         Scott County, MN
33460           27141         Sherburne County, MN
33460           27163         Washington County, MN
33460           27171         Wright County, MN
33460           55093         Pierce County, WI
33460           55109         St. Croix County, WI

33540                   Missoula, MT Metropolitan Statistical Area
33540           30063         Missoula County, MT

33660                   Mobile, AL Metropolitan Statistical Area
33660           01097         Mobile County, AL

33700                   Modesto, CA Metropolitan Statistical Area
33700           06099         Stanislaus County, CA

33740                   Monroe, LA Metropolitan Statistical Area
33740           22073         Ouachita Parish, LA
33740           22111         Union Parish, LA

33780                   Monroe, MI Metropolitan Statistical Area
33780           26115         Monroe County, MI

33860                   Montgomery, AL Metropolitan Statistical Area
33860           01001         Autauga County, AL
33860           01051         Elmore County, AL
33860           01085         Lowndes County, AL
33860           01101         Montgomery County, AL

34060                   Morgantown, WV Metropolitan Statistical Area
34060           54061         Monongalia County, WV
34060           54077         Preston County, WV

34100                   Morristown, TN Metropolitan Statistical Area
34100           47057         Grainger County, TN
34100           47063         Hamblen County, TN
34100           47089         Jefferson County, TN

34580                   Mount Vernon-Anacortes, WA Metropolitan Statistical Area
34580           53057         Skagit County, WA

34620                   Muncie, IN Metropolitan Statistical Area
34620           18035         Delaware County, IN

34740                   Muskegon-Norton Shores, MI Metropolitan Statistical Area
34740           26121         Muskegon County, MI

34820                   Myrtle Beach-North Myrtle Beach-Conway, SC Metropolitan Statistical Area
34820           45051         Horry County, SC

34900                   Napa, CA Metropolitan Statistical Area
34900           06055         Napa County, CA

34940                   Naples-Marco Island, FL Metropolitan Statistical Area
34940           12021         Collier County, FL

34980                   Nashville-Davidson--Murfreesboro--Franklin, TN Metropolitan Statistical Area
34980           47015         Cannon County, TN
34980           47021         Cheatham County, TN
34980           47037         Davidson County, TN
34980           47043         Dickson County, TN
34980           47081         Hickman County, TN
34980           47111         Macon County, TN
34980           47147         Robertson County, TN
34980           47149         Rutherford County, TN
34980           47159         Smith County, TN
34980           47165         Sumner County, TN
34980           47169         Trousdale County, TN
34980           47187         Williamson County, TN
34980           47189         Wilson County, TN

35300                   New Haven-Milford, CT Metropolitan Statistical Area
35300           09009         New Haven County, CT

35380                   New Orleans-Metairie-Kenner, LA Metropolitan Statistical Area
35380           22051         Jefferson Parish, LA
35380           22071         Orleans Parish, LA
35380           22075         Plaquemines Parish, LA
35380           22087         St. Bernard Parish, LA
35380           22089         St. Charles Parish, LA
35380           22095         St. John the Baptist Parish, LA
35380           22103         St. Tammany Parish, LA

35620                   New York-Northern New Jersey-Long Island, NY-NJ-PA Metropolitan Statistical Area
35620   20764              Edison-New Brunswick, NJ Metropolitan Division
35620   20764   34023         Middlesex County, NJ
35620   20764   34025         Monmouth County, NJ
35620   20764   34029         Ocean County, NJ
35620   20764   34035         Somerset County, NJ
35620   35004              Nassau-Suffolk, NY Metropolitan Division
35620   35004   36059         Nassau County, NY
35620   35004   36103         Suffolk County, NY 
35620   35644              New York-White Plains-Wayne, NY-NJ Metropolitan Division
35620   35644   34003         Bergen County, NJ
35620   35644   34017         Hudson County, NJ
35620   35644   34031         Passaic County, NJ
35620   35644   36005         Bronx County, NY
35620   35644   36047         Kings County, NY
35620   35644   36061         New York County, NY
35620   35644   36079         Putnam County, NY
35620   35644   36081         Queens County, NY
35620   35644   36085         Richmond County, NY
35620   35644   36087         Rockland County, NY
35620   35644   36119         Westchester County, NY
35620   35084              Newark-Union, NJ-PA Metropolitan Division
35620   35084   34013         Essex County, NJ
35620   35084   34019         Hunterdon County, NJ
35620   35084   34027         Morris County, NJ
35620   35084   34037         Sussex County, NJ
35620   35084   34039         Union County, NJ
35620   35084   42103         Pike County, PA

35660                   Niles-Benton Harbor, MI Metropolitan Statistical Area
35660           26021         Berrien County, MI

35980                   Norwich-New London, CT Metropolitan Statistical Area
35980           09011         New London County, CT

36100                   Ocala, FL Metropolitan Statistical Area
36100           12083         Marion County, FL

36140                   Ocean City, NJ Metropolitan Statistical Area
36140           34009         Cape May County, NJ

36220                   Odessa, TX Metropolitan Statistical Area
36220           48135         Ector County, TX

36260                   Ogden-Clearfield, UT Metropolitan Statistical Area
36260           49011         Davis County, UT
36260           49029         Morgan County, UT
36260           49057         Weber County, UT

36420                   Oklahoma City, OK Metropolitan Statistical Area
36420           40017         Canadian County, OK
36420           40027         Cleveland County, OK
36420           40051         Grady County, OK
36420           40081         Lincoln County, OK
36420           40083         Logan County, OK
36420           40087         McClain County, OK
36420           40109         Oklahoma County, OK

36500                   Olympia, WA Metropolitan Statistical Area
36500           53067         Thurston County, WA

36540                   Omaha-Council Bluffs, NE-IA Metropolitan Statistical Area
36540           19085         Harrison County, IA
36540           19129         Mills County, IA
36540           19155         Pottawattamie County, IA
36540           31025         Cass County, NE
36540           31055         Douglas County, NE
36540           31153         Sarpy County, NE
36540           31155         Saunders County, NE
36540           31177         Washington County, NE

36740                   Orlando-Kissimmee, FL Metropolitan Statistical Area
36740           12069         Lake County, FL
36740           12095         Orange County, FL
36740           12097         Osceola County, FL
36740           12117         Seminole County, FL

36780                   Oshkosh-Neenah, WI Metropolitan Statistical Area
36780           55139         Winnebago County, WI

36980                   Owensboro, KY Metropolitan Statistical Area
36980           21059         Daviess County, KY
36980           21091         Hancock County, KY
36980           21149         McLean County, KY

37100                   Oxnard-Thousand Oaks-Ventura, CA Metropolitan Statistical Area
37100           06111         Ventura County, CA

37340                   Palm Bay-Melbourne-Titusville, FL Metropolitan Statistical Area
37340           12009         Brevard County, FL

37380                   Palm Coast, FL Metropolitan Statistical Area
37380           12035         Flagler County, FL

37460                   Panama City-Lynn Haven, FL Metropolitan Statistical Area
37460           12005         Bay County, FL

37620                   Parkersburg-Marietta-Vienna, WV-OH Metropolitan Statistical Area
37620           39167         Washington County, OH
37620           54073         Pleasants County, WV
37620           54105         Wirt County, WV
37620           54107         Wood County, WV

37700                   Pascagoula, MS Metropolitan Statistical Area
37700           28039         George County, MS
37700           28059         Jackson County, MS

37860                   Pensacola-Ferry Pass-Brent, FL Metropolitan Statistical Area
37860           12033         Escambia County, FL
37860           12113         Santa Rosa County, FL

37900                   Peoria, IL Metropolitan Statistical Area
37900           17123         Marshall County, IL
37900           17143         Peoria County, IL
37900           17175         Stark County, IL
37900           17179         Tazewell County, IL
37900           17203         Woodford County, IL

37980                   Philadelphia-Camden-Wilmington, PA-NJ-DE-MD Metropolitan Statistical Area
37980   15804              Camden, NJ Metropolitan Division
37980   15804   34005         Burlington County, NJ
37980   15804   34007         Camden County, NJ
37980   15804   34015         Gloucester County, NJ
37980   37964              Philadelphia, PA Metropolitan Division
37980   37964   42017         Bucks County, PA
37980   37964   42029         Chester County, PA
37980   37964   42045         Delaware County, PA
37980   37964   42091         Montgomery County, PA
37980   37964   42101         Philadelphia County, PA
37980   48864              Wilmington, DE-MD-NJ Metropolitan Division
37980   48864   10003         New Castle County, DE
37980   48864   24015         Cecil County, MD
37980   48864   34033         Salem County, NJ

38060                   Phoenix-Mesa-Scottsdale, AZ Metropolitan Statistical Area
38060           04013         Maricopa County, AZ
38060           04021         Pinal County, AZ

38220                   Pine Bluff, AR Metropolitan Statistical Area
38220           05025         Cleveland County, AR
38220           05069         Jefferson County, AR
38220           05079         Lincoln County, AR

38300                   Pittsburgh, PA Metropolitan Statistical Area
38300           42003         Allegheny County, PA
38300           42005         Armstrong County, PA
38300           42007         Beaver County, PA
38300           42019         Butler County, PA
38300           42051         Fayette County, PA
38300           42125         Washington County, PA
38300           42129         Westmoreland County, PA

38340                   Pittsfield, MA Metropolitan Statistical Area
38340           25003         Berkshire County, MA

38540                   Pocatello, ID Metropolitan Statistical Area
38540           16005         Bannock County, ID
38540           16077         Power County, ID

38660                   Ponce, PR Metropolitan Statistical Area
38660           72075         Juana Díaz Municipio, PR
38660           72113         Ponce Municipio, PR
38660           72149         Villalba Municipio, PR

38860                   Portland-South Portland-Biddeford, ME Metropolitan Statistical Area
38860           23005         Cumberland County, ME
38860           23023         Sagadahoc County, ME
38860           23031         York County, ME

38900                   Portland-Vancouver-Beaverton, OR-WA Metropolitan Statistical Area
38900           41005         Clackamas County, OR
38900           41009         Columbia County, OR
38900           41051         Multnomah County, OR
38900           41067         Washington County, OR
38900           41071         Yamhill County, OR
38900           53011         Clark County, WA
38900           53059         Skamania County, WA

38940                   Port St. Lucie, FL Metropolitan Statistical Area
38940           12085         Martin County, FL
38940           12111         St. Lucie County, FL

39100                   Poughkeepsie-Newburgh-Middletown, NY Metropolitan Statistical Area
39100           36027         Dutchess County, NY
39100           36071         Orange County, NY

39140                   Prescott, AZ Metropolitan Statistical Area
39140           04025         Yavapai County, AZ

39300                   Providence-New Bedford-Fall River, RI-MA Metropolitan Statistical Area
39300           25005         Bristol County, MA
39300           44001         Bristol County, RI
39300           44003         Kent County, RI
39300           44005         Newport County, RI
39300           44007         Providence County, RI
39300           44009         Washington County, RI

39340                   Provo-Orem, UT Metropolitan Statistical Area
39340           49023         Juab County, UT
39340           49049         Utah County, UT

39380                   Pueblo, CO Metropolitan Statistical Area
39380           08101         Pueblo County, CO

39460                   Punta Gorda, FL Metropolitan Statistical Area
39460           12015         Charlotte County, FL

39540                   Racine, WI Metropolitan Statistical Area
39540           55101         Racine County, WI

39580                   Raleigh-Cary, NC Metropolitan Statistical Area
39580           37069         Franklin County, NC
39580           37101         Johnston County, NC
39580           37183         Wake County, NC

39660                   Rapid City, SD Metropolitan Statistical Area
39660           46093         Meade County, SD
39660           46103         Pennington County, SD

39740                   Reading, PA Metropolitan Statistical Area
39740           42011         Berks County, PA

39820                   Redding, CA Metropolitan Statistical Area
39820           06089         Shasta County, CA

39900                   Reno-Sparks, NV Metropolitan Statistical Area
39900           32029         Storey County, NV
39900           32031         Washoe County, NV

40060                   Richmond, VA Metropolitan Statistical Area
40060           51007         Amelia County, VA
40060           51033         Caroline County, VA
40060           51036         Charles City County, VA
40060           51041         Chesterfield County, VA
40060           51049         Cumberland County, VA
40060           51053         Dinwiddie County, VA
40060           51075         Goochland County, VA
40060           51085         Hanover County, VA
40060           51087         Henrico County, VA
40060           51097         King and Queen County, VA
40060           51101         King William County, VA
40060           51109         Louisa County, VA
40060           51127         New Kent County, VA
40060           51145         Powhatan County, VA
40060           51149         Prince George County, VA
40060           51183         Sussex County, VA
40060           51570         Colonial Heights city, VA
40060           51670         Hopewell city, VA
40060           51730         Petersburg city, VA
40060           51760         Richmond city, VA

40140                   Riverside-San Bernardino-Ontario, CA Metropolitan Statistical Area
40140           06065         Riverside County, CA
40140           06071         San Bernardino County, CA

40220                   Roanoke, VA Metropolitan Statistical Area
40220           51023         Botetourt County, VA
40220           51045         Craig County, VA
40220           51067         Franklin County, VA
40220           51161         Roanoke County, VA
40220           51770         Roanoke city, VA
40220           51775         Salem city, VA

40340                   Rochester, MN Metropolitan Statistical Area
40340           27039         Dodge County, MN
40340           27109         Olmsted County, MN
40340           27157         Wabasha County, MN

40380                   Rochester, NY Metropolitan Statistical Area
40380           36051         Livingston County, NY
40380           36055         Monroe County, NY
40380           36069         Ontario County, NY
40380           36073         Orleans County, NY
40380           36117         Wayne County, NY

40420                   Rockford, IL Metropolitan Statistical Area
40420           17007         Boone County, IL
40420           17201         Winnebago County, IL

40580                   Rocky Mount, NC Metropolitan Statistical Area
40580           37065         Edgecombe County, NC
40580           37127         Nash County, NC

40660                   Rome, GA Metropolitan Statistical Area
40660           13115         Floyd County, GA

40900                   Sacramento--Arden-Arcade--Roseville, CA Metropolitan Statistical Area
40900           06017         El Dorado County, CA
40900           06061         Placer County, CA
40900           06067         Sacramento County, CA
40900           06113         Yolo County, CA

40980                   Saginaw-Saginaw Township North, MI Metropolitan Statistical Area
40980           26145         Saginaw County, MI

41060                   St. Cloud, MN Metropolitan Statistical Area
41060           27009         Benton County, MN
41060           27145         Stearns County, MN

41100                   St. George, UT Metropolitan Statistical Area
41100           49053         Washington County, UT

41140                   St. Joseph, MO-KS Metropolitan Statistical Area
41140           20043         Doniphan County, KS
41140           29003         Andrew County, MO
41140           29021         Buchanan County, MO
41140           29063         DeKalb County, MO

41180                   St. Louis, MO-IL Metropolitan Statistical Area
41180           17005         Bond County, IL
41180           17013         Calhoun County, IL
41180           17027         Clinton County, IL
41180           17083         Jersey County, IL
41180           17117         Macoupin County, IL
41180           17119         Madison County, IL
41180           17133         Monroe County, IL
41180           17163         St. Clair County, IL
41180           29055         Crawford County, MO (pt.)*
41180           29071         Franklin County, MO
41180           29099         Jefferson County, MO
41180           29113         Lincoln County, MO
41180           29183         St. Charles County, MO
41180           29189         St. Louis County, MO
41180           29219         Warren County, MO
41180           29221         Washington County, MO
41180           29510         St. Louis city, MO

41420                   Salem, OR Metropolitan Statistical Area
41420           41047         Marion County, OR
41420           41053         Polk County, OR

41500                   Salinas, CA Metropolitan Statistical Area
41500           06053         Monterey County, CA

41540                   Salisbury, MD Metropolitan Statistical Area
41540           24039         Somerset County, MD
41540           24045         Wicomico County, MD

41620                   Salt Lake City, UT Metropolitan Statistical Area
41620           49035         Salt Lake County, UT
41620           49043         Summit County, UT
41620           49045         Tooele County, UT

41660                   San Angelo, TX Metropolitan Statistical Area
41660           48235         Irion County, TX
41660           48451         Tom Green County, TX

41700                   San Antonio, TX Metropolitan Statistical Area
41700           48013         Atascosa County, TX
41700           48019         Bandera County, TX
41700           48029         Bexar County, TX
41700           48091         Comal County, TX
41700           48187         Guadalupe County, TX
41700           48259         Kendall County, TX
41700           48325         Medina County, TX
41700           48493         Wilson County, TX

41740                   San Diego-Carlsbad-San Marcos, CA Metropolitan Statistical Area
41740           06073         San Diego County, CA

41780                   Sandusky, OH Metropolitan Statistical Area
41780           39043         Erie County, OH

41860                   San Francisco-Oakland-Fremont, CA Metropolitan Statistical Area
41860   36084              Oakland-Fremont-Hayward, CA Metropolitan Division
41860   36084   06001         Alameda County, CA
41860   36084   06013         Contra Costa County, CA
41860   41884              San Francisco-San Mateo-Redwood City, CA Metropolitan Division
41860   41884   06041         Marin County, CA
41860   41884   06075         San Francisco County, CA
41860   41884   06081         San Mateo County, CA

41900                   San Germán-Cabo Rojo, PR Metropolitan Statistical Area
41900           72023         Cabo Rojo Municipio, PR
41900           72079         Lajas Municipio, PR
41900           72121         Sabana Grande Municipio, PR
41900           72125         San Germán Municipio, PR

41940                   San Jose-Sunnyvale-Santa Clara, CA Metropolitan Statistical Area
41940           06069         San Benito County, CA
41940           06085         Santa Clara County, CA

41980                   San Juan-Caguas-Guaynabo, PR Metropolitan Statistical Area
41980           72007         Aguas Buenas Municipio, PR
41980           72009         Aibonito Municipio, PR
41980           72013         Arecibo Municipio, PR
41980           72017         Barceloneta Municipio, PR
41980           72019         Barranquitas Municipio, PR
41980           72021         Bayamón Municipio, PR
41980           72025         Caguas Municipio, PR
41980           72027         Camuy Municipio, PR
41980           72029         Canóvanas Municipio, PR
41980           72031         Carolina Municipio, PR
41980           72033         Cataño Municipio, PR
41980           72035         Cayey Municipio, PR
41980           72039         Ciales Municipio, PR
41980           72041         Cidra Municipio, PR
41980           72045         Comerío Municipio, PR
41980           72047         Corozal Municipio, PR
41980           72051         Dorado Municipio, PR
41980           72054         Florida Municipio, PR
41980           72061         Guaynabo Municipio, PR
41980           72063         Gurabo Municipio, PR
41980           72065         Hatillo Municipio, PR
41980           72069         Humacao Municipio, PR
41980           72077         Juncos Municipio, PR
41980           72085         Las Piedras Municipio, PR
41980           72087         Loíza Municipio, PR
41980           72091         Manatí Municipio, PR
41980           72095         Maunabo Municipio, PR
41980           72101         Morovis Municipio, PR
41980           72103         Naguabo Municipio, PR
41980           72105         Naranjito Municipio, PR
41980           72107         Orocovis Municipio, PR
41980           72115         Quebradillas Municipio, PR
41980           72119         Río Grande Municipio, PR
41980           72127         San Juan Municipio, PR
41980           72129         San Lorenzo Municipio, PR
41980           72135         Toa Alta Municipio, PR
41980           72137         Toa Baja Municipio, PR
41980           72139         Trujillo Alto Municipio, PR
41980           72143         Vega Alta Municipio, PR
41980           72145         Vega Baja Municipio, PR
41980           72151         Yabucoa Municipio, PR

42020                   San Luis Obispo-Paso Robles, CA Metropolitan Statistical Area
42020           06079         San Luis Obispo County, CA

42060                   Santa Barbara-Santa Maria-Goleta, CA Metropolitan Statistical Area
42060           06083         Santa Barbara County, CA

42100                   Santa Cruz-Watsonville, CA Metropolitan Statistical Area
42100           06087         Santa Cruz County, CA

42140                   Santa Fe, NM Metropolitan Statistical Area
42140           35049         Santa Fe County, NM

42220                   Santa Rosa-Petaluma, CA Metropolitan Statistical Area
42220           06097         Sonoma County, CA

42340                   Savannah, GA Metropolitan Statistical Area
42340           13029         Bryan County, GA
42340           13051         Chatham County, GA
42340           13103         Effingham County, GA

42540                   Scranton--Wilkes-Barre, PA Metropolitan Statistical Area
42540           42069         Lackawanna County, PA
42540           42079         Luzerne County, PA
42540           42131         Wyoming County, PA

42660                   Seattle-Tacoma-Bellevue, WA Metropolitan Statistical Area
42660   42644              Seattle-Bellevue-Everett, WA Metropolitan Division
42660   42644   53033         King County, WA
42660   42644   53061         Snohomish County, WA
42660   45104              Tacoma, WA Metropolitan Division
42660   45104   53053         Pierce County, WA

42680                   Sebastian-Vero Beach, FL Metropolitan Statistical Area
42680           12061         Indian River County, FL

43100                   Sheboygan, WI Metropolitan Statistical Area
43100           55117         Sheboygan County, WI

43300                   Sherman-Denison, TX Metropolitan Statistical Area
43300           48181         Grayson County, TX

43340                   Shreveport-Bossier City, LA Metropolitan Statistical Area
43340           22015         Bossier Parish, LA
43340           22017         Caddo Parish, LA
43340           22031         De Soto Parish, LA

43580                   Sioux City, IA-NE-SD Metropolitan Statistical Area
43580           19193         Woodbury County, IA
43580           31043         Dakota County, NE
43580           31051         Dixon County, NE
43580           46127         Union County, SD

43620                   Sioux Falls, SD Metropolitan Statistical Area
43620           46083         Lincoln County, SD
43620           46087         McCook County, SD
43620           46099         Minnehaha County, SD
43620           46125         Turner County, SD

43780                   South Bend-Mishawaka, IN-MI Metropolitan Statistical Area
43780           18141         St. Joseph County, IN
43780           26027         Cass County, MI

43900                   Spartanburg, SC Metropolitan Statistical Area
43900           45083         Spartanburg County, SC

44060                   Spokane, WA Metropolitan Statistical Area
44060           53063         Spokane County, WA

44100                   Springfield, IL Metropolitan Statistical Area
44100           17129         Menard County, IL
44100           17167         Sangamon County, IL

44140                   Springfield, MA Metropolitan Statistical Area
44140           25011         Franklin County, MA
44140           25013         Hampden County, MA
44140           25015         Hampshire County, MA

44180                   Springfield, MO Metropolitan Statistical Area
44180           29043         Christian County, MO
44180           29059         Dallas County, MO
44180           29077         Greene County, MO
44180           29167         Polk County, MO
44180           29225         Webster County, MO

44220                   Springfield, OH Metropolitan Statistical Area
44220           39023         Clark County, OH

44300                   State College, PA Metropolitan Statistical Area
44300           42027         Centre County, PA

44700                   Stockton, CA Metropolitan Statistical Area
44700           06077         San Joaquin County, CA

44940                   Sumter, SC Metropolitan Statistical Area
44940           45085         Sumter County, SC

45060                   Syracuse, NY Metropolitan Statistical Area
45060           36053         Madison County, NY
45060           36067         Onondaga County, NY
45060           36075         Oswego County, NY

45220                   Tallahassee, FL Metropolitan Statistical Area
45220           12039         Gadsden County, FL
45220           12065         Jefferson County, FL
45220           12073         Leon County, FL
45220           12129         Wakulla County, FL

45300                   Tampa-St. Petersburg-Clearwater, FL Metropolitan Statistical Area
45300           12053         Hernando County, FL
45300           12057         Hillsborough County, FL
45300           12101         Pasco County, FL
45300           12103         Pinellas County, FL

45460                   Terre Haute, IN Metropolitan Statistical Area
45460           18021         Clay County, IN
45460           18153         Sullivan County, IN
45460           18165         Vermillion County, IN
45460           18167         Vigo County, IN

45500                   Texarkana, TX-Texarkana, AR Metropolitan Statistical Area
45500           05091         Miller County, AR
45500           48037         Bowie County, TX

45780                   Toledo, OH Metropolitan Statistical Area
45780           39051         Fulton County, OH
45780           39095         Lucas County, OH
45780           39123         Ottawa County, OH
45780           39173         Wood County, OH

45820                   Topeka, KS Metropolitan Statistical Area
45820           20085         Jackson County, KS
45820           20087         Jefferson County, KS
45820           20139         Osage County, KS
45820           20177         Shawnee County, KS
45820           20197         Wabaunsee County, KS

45940                   Trenton-Ewing, NJ Metropolitan Statistical Area
45940           34021         Mercer County, NJ

46060                   Tucson, AZ Metropolitan Statistical Area
46060           04019         Pima County, AZ

46140                   Tulsa, OK Metropolitan Statistical Area
46140           40037         Creek County, OK
46140           40111         Okmulgee County, OK
46140           40113         Osage County, OK
46140           40117         Pawnee County, OK
46140           40131         Rogers County, OK
46140           40143         Tulsa County, OK
46140           40145         Wagoner County, OK

46220                   Tuscaloosa, AL Metropolitan Statistical Area
46220           01063         Greene County, AL
46220           01065         Hale County, AL
46220           01125         Tuscaloosa County, AL

46340                   Tyler, TX Metropolitan Statistical Area
46340           48423         Smith County, TX

46540                   Utica-Rome, NY Metropolitan Statistical Area
46540           36043         Herkimer County, NY
46540           36065         Oneida County, NY

46660                   Valdosta, GA Metropolitan Statistical Area
46660           13027         Brooks County, GA
46660           13101         Echols County, GA
46660           13173         Lanier County, GA
46660           13185         Lowndes County, GA

46700                   Vallejo-Fairfield, CA Metropolitan Statistical Area
46700           06095         Solano County, CA

47020                   Victoria, TX Metropolitan Statistical Area
47020           48057         Calhoun County, TX
47020           48175         Goliad County, TX
47020           48469         Victoria County, TX

47220                   Vineland-Millville-Bridgeton, NJ Metropolitan Statistical Area
47220           34011         Cumberland County, NJ

47260                   Virginia Beach-Norfolk-Newport News, VA-NC Metropolitan Statistical Area
47260           37053         Currituck County, NC
47260           51073         Gloucester County, VA
47260           51093         Isle of Wight County, VA
47260           51095         James City County, VA
47260           51115         Mathews County, VA
47260           51181         Surry County, VA
47260           51199         York County, VA
47260           51550         Chesapeake city, VA
47260           51650         Hampton city, VA
47260           51700         Newport News city, VA
47260           51710         Norfolk city, VA
47260           51735         Poquoson city, VA
47260           51740         Portsmouth city, VA
47260           51800         Suffolk city, VA
47260           51810         Virginia Beach city, VA
47260           51830         Williamsburg city, VA

47300                   Visalia-Porterville, CA Metropolitan Statistical Area
47300           06107         Tulare County, CA

47380                   Waco, TX Metropolitan Statistical Area
47380           48309         McLennan County, TX

47580                   Warner Robins, GA Metropolitan Statistical Area
47580           13153         Houston County, GA

47900                   Washington-Arlington-Alexandria, DC-VA-MD-WV Metropolitan Statistical Area
47900   13644              Bethesda-Frederick-Gaithersburg, MD Metropolitan Division
47900   13644   24021         Frederick County, MD
47900   13644   24031         Montgomery County, MD
47900   47894              Washington-Arlington-Alexandria, DC-VA-MD-WV Metropolitan Division
47900   47894   11001         District of Columbia, DC
47900   47894   24009         Calvert County, MD
47900   47894   24017         Charles County, MD
47900   47894   24033         Prince George's County, MD
47900   47894   51013         Arlington County, VA
47900   47894   51043         Clarke County, VA
47900   47894   51059         Fairfax County, VA
47900   47894   51061         Fauquier County, VA
47900   47894   51107         Loudoun County, VA
47900   47894   51153         Prince William County, VA
47900   47894   51177         Spotsylvania County, VA
47900   47894   51179         Stafford County, VA
47900   47894   51187         Warren County, VA
47900   47894   51510         Alexandria city, VA
47900   47894   51600         Fairfax city, VA
47900   47894   51610         Falls Church city, VA
47900   47894   51630         Fredericksburg city, VA
47900   47894   51683         Manassas city, VA
47900   47894   51685         Manassas Park city, VA
47900   47894   54037         Jefferson County, WV

47940                   Waterloo-Cedar Falls, IA Metropolitan Statistical Area
47940           19013         Black Hawk County, IA
47940           19017         Bremer County, IA
47940           19075         Grundy County, IA

48140                   Wausau, WI Metropolitan Statistical Area
48140           55073         Marathon County, WI

48260                   Weirton-Steubenville, WV-OH Metropolitan Statistical Area
48260           39081         Jefferson County, OH
48260           54009         Brooke County, WV
48260           54029         Hancock County, WV

48300                   Wenatchee, WA Metropolitan Statistical Area
48300           53007         Chelan County, WA
48300           53017         Douglas County, WA

48540                   Wheeling, WV-OH Metropolitan Statistical Area
48540           39013         Belmont County, OH
48540           54051         Marshall County, WV
48540           54069         Ohio County, WV

48620                   Wichita, KS Metropolitan Statistical Area
48620           20015         Butler County, KS
48620           20079         Harvey County, KS
48620           20173         Sedgwick County, KS
48620           20191         Sumner County, KS

48660                   Wichita Falls, TX Metropolitan Statistical Area
48660           48009         Archer County, TX
48660           48077         Clay County, TX
48660           48485         Wichita County, TX

48700                   Williamsport, PA Metropolitan Statistical Area
48700           42081         Lycoming County, PA

48900                   Wilmington, NC Metropolitan Statistical Area
48900           37019         Brunswick County, NC
48900           37129         New Hanover County, NC
48900           37141         Pender County, NC

49020                   Winchester, VA-WV Metropolitan Statistical Area
49020           51069         Frederick County, VA
49020           51840         Winchester city, VA
49020           54027         Hampshire County, WV

49180                   Winston-Salem, NC Metropolitan Statistical Area
49180           37059         Davie County, NC
49180           37067         Forsyth County, NC
49180           37169         Stokes County, NC
49180           37197         Yadkin County, NC

49340                   Worcester, MA Metropolitan Statistical Area
49340           25027         Worcester County, MA

49420                   Yakima, WA Metropolitan Statistical Area
49420           53077         Yakima County, WA

49500                   Yauco, PR Metropolitan Statistical Area
49500           72055         Guánica Municipio, PR
49500           72059         Guayanilla Municipio, PR
49500           72111         Peñuelas Municipio, PR
49500           72153         Yauco Municipio, PR

49620                   York-Hanover, PA Metropolitan Statistical Area
49620           42133         York County, PA

49660                   Youngstown-Warren-Boardman, OH-PA Metropolitan Statistical Area
49660           39099         Mahoning County, OH
49660           39155         Trumbull County, OH
49660           42085         Mercer County, PA

49700                   Yuba City, CA Metropolitan Statistical Area
49700           06101         Sutter County, CA
49700           06115         Yuba County, CA

49740                   Yuma, AZ Metropolitan Statistical Area
49740           04027         Yuma County, AZ


* The portion of Sullivan city in Crawford County, Missouri, is legally
part of the St. Louis, MO-IL MSA.  Census 2000 tabulations and
intercensal estimates for the St. Louis, MO-IL Metropolitan Statistical Areas
do not include this area.


